sensor_id;sensor_type;location;lat;lon;timestamp;temperature;humidity
36474;DHT22;81266;53.248;-6.124;2025-06-01T00:00:00;13.00;99.90
77700;DHT22;66867;42.658;23.320;2025-06-01T00:00:00;13.1;97
41666;DHT22;27920;48.66749610;9.11986438;2025-06-01T00:00:00;14.9;90
30134;DHT22;16946;49.984;10.672;2025-06-01T00:00:00;16.20;99.90
90666;DHT22;82877;51.68547460;3.89974340;2025-06-01T00:00:00;16.7;73
18091;DHT22;9172;49.948;9.208;2025-06-01T00:00:00;17.20;99.90
83770;DHT22;73763;48.936;9.300;2025-06-01T00:00:00;17.80;99.90
3492;DHT22;1760;52.480;13.422;2025-06-01T00:00:00;19.80;99.90
1786;DHT22;890;48.158;11.540;2025-06-01T00:00:00;21.70;66.50
33105;DHT22;19476;51.448;6.674;2025-06-01T00:00:00;23.00;56.40
32023;DHT22;18541;41.58222649;12.58185983;2025-06-01T00:00:00;23.10;99.90
30194;DHT22;30263;47.86649780;-4.22200888;2025-06-01T00:00:00;25.40;63.60
82855;DHT22;72616;48.85256193;2.42741793;2025-06-01T00:00:00;26.51;49.71
12684;DHT22;6406;59.312;18.058;2025-06-01T00:00:01;11.70;1.00
18408;DHT22;9330;52.210;21.174;2025-06-01T00:00:01;13.30;1.00
52661;DHT22;41216;-27.90196729;32.31903619;2025-06-01T00:00:01;14.40;98.80
16263;DHT22;8239;48.594;8.598;2025-06-01T00:00:01;14.60;99.90
43774;DHT22;29394;50.75721780;7.19406000;2025-06-01T00:00:01;16.80;99.90
67801;DHT22;54598;48.47074135;9.08559144;2025-06-01T00:00:01;16.97;96.92
10453;DHT22;5274;51.992;8.518;2025-06-01T00:00:01;17.40;95.60
51577;DHT22;37664;53.19773588;6.87361121;2025-06-01T00:00:01;17.80;99.90
20706;DHT22;10514;49.468;11.044;2025-06-01T00:00:01;18.20;99.90
55211;DHT22;41082;52.822;6.666;2025-06-01T00:00:01;20.10;99.90
64324;DHT22;50660;53.09778030;6.68392510;2025-06-01T00:00:01;20.50;99.90
46193;DHT22;31922;40.93809077;9.49770927;2025-06-01T00:00:01;24.10;91.40
19039;DHT22;9652;49.014;12.052;2025-06-01T00:00:01;24.50;51.80
29775;DHT22;16676;51.202;6.774;2025-06-01T00:00:01;24.90;90.60
28071;DHT22;15383;48.408;9.968;2025-06-01T00:00:02;16.20;99.90
1948;DHT22;974;52.400;9.818;2025-06-01T00:00:02;18.40;99.90
61386;DHT22;47256;18.904;-99.054;2025-06-01T00:00:02;28.90;99.90
4354;DHT22;11018;51.258;6.806;2025-06-01T00:00:03;17.60;86.90
4604;DHT22;2314;48.272;11.562;2025-06-01T00:00:03;18.10;99.90
13174;DHT22;6652;48.802;9.190;2025-06-01T00:00:03;18.30;99.90
7196;DHT22;3639;51.308;5.624;2025-06-01T00:00:03;18.40;99.90
11112;DHT22;5609;49.466;8.468;2025-06-01T00:00:03;18.50;99.90
17687;DHT22;8962;52.538;13.266;2025-06-01T00:00:03;19.00;1.00
46336;DHT22;31365;48.858;8.530;2025-06-01T00:00:03;21.10;99.90
48515;DHT22;34309;47.260;2.796;2025-06-01T00:00:03;21.30;57.70
11597;DHT22;5854;48.072;16.286;2025-06-01T00:00:03;21.40;1.00
38010;DHT22;53381;48.19706089;11.46408588;2025-06-01T00:00:03;21.70;98.20
94045;DHT22;86519;47.52042280;-2.58037240;2025-06-01T00:00:03;25.20;62.30
53091;DHT22;38970;-33.87821280;151.17238641;2025-06-01T00:00:04;14.80;82.40
88870;DHT22;80238;47.830;-3.870;2025-06-01T00:00:04;15.30;99.90
92385;DHT22;84516;51.208;3.202;2025-06-01T00:00:04;16.90;72.70
21627;DHT22;10975;47.872;12.972;2025-06-01T00:00:04;17.00;99.90
6518;DHT22;3292;48.944;9.240;2025-06-01T00:00:04;17.40;1.00
18888;DHT22;9576;47.792;9.628;2025-06-01T00:00:04;18.10;99.90
61351;DHT22;47119;49.130;9.218;2025-06-01T00:00:04;18.39;74.96
9057;DHT22;4563;54.756;9.400;2025-06-01T00:00:04;19.00;77.90
25550;DHT22;13444;50.562;7.262;2025-06-01T00:00:04;19.10;99.90
8595;DHT22;4335;48.860;9.198;2025-06-01T00:00:04;19.30;99.90
3644;DHT22;1838;50.742;7.158;2025-06-01T00:00:04;19.90;99.90
85191;DHT22;75560;0.000;0.000;2025-06-01T00:00:04;20.30;53.10
51974;DHT22;80499;49.01022042;8.36179197;2025-06-01T00:00:04;20.30;99.90
7360;DHT22;3720;48.274;7.796;2025-06-01T00:00:04;20.90;99.90
41884;DHT22;27566;50.930;5.328;2025-06-01T00:00:04;21.70;94.50
47692;DHT22;33455;50.97446235;4.42764830;2025-06-01T00:00:04;22.20;81.00
3190;DHT22;1606;51.946;10.558;2025-06-01T00:00:04;22.50;99.90
50955;DHT22;36966;48.064;-0.792;2025-06-01T00:00:04;24.30;49.50
16315;DHT22;8266;52.150;4.768;2025-06-01T00:00:04;25.30;48.70
2995;DHT22;35277;49.890;8.222;2025-06-01T00:00:04;25.50;78.40
48535;DHT22;34323;52.022;5.686;2025-06-01T00:00:04;25.80;99.90
18317;DHT22;9284;52.298;21.164;2025-06-01T00:00:05;12.60;1.00
15638;DHT22;26604;53.596;10.042;2025-06-01T00:00:05;16.00;99.90
84230;DHT22;74365;48.46365000;9.22919000;2025-06-01T00:00:05;16.10;99.90
4699;DHT22;33708;49.466;11.176;2025-06-01T00:00:05;17.20;36.70
34153;DHT22;20426;48.372;10.888;2025-06-01T00:00:05;17.70;99.90
27252;DHT22;14757;48.36019750;10.90774994;2025-06-01T00:00:05;18.20;99.90
37292;DHT22;47507;47.58065270;9.25123315;2025-06-01T00:00:05;18.30;99.90
48206;DHT22;33995;48.202;16.260;2025-06-01T00:00:05;18.50;99.90
792;DHT22;379;49.022;12.148;2025-06-01T00:00:05;18.70;99.90
48836;DHT22;62581;47.342;7.908;2025-06-01T00:00:05;18.80;99.90
2010;DHT22;1008;47.404;8.502;2025-06-01T00:00:05;19.00;99.90
19813;DHT22;10066;48.108;11.448;2025-06-01T00:00:05;19.10;99.90
93132;DHT22;85451;51.206;3.234;2025-06-01T00:00:05;19.20;56.70
11963;DHT22;62678;52.130;5.584;2025-06-01T00:00:05;19.20;99.90
7708;DHT22;3896;48.758;8.888;2025-06-01T00:00:05;19.50;93.80
24772;DHT22;12870;52.274;9.754;2025-06-01T00:00:05;19.70;1.00
24164;DHT22;12319;49.204;8.116;2025-06-01T00:00:05;20.10;82.90
62908;DHT22;49005;51.10673465;3.70933682;2025-06-01T00:00:05;20.20;98.50
68764;DHT22;55754;52.03860371;5.56663299;2025-06-01T00:00:05;20.40;99.90
2539;DHT22;1280;49.760;9.664;2025-06-01T00:00:05;20.80;75.30
34682;DHT22;21619;45.67282536;11.48801386;2025-06-01T00:00:05;21.00;99.90
27384;DHT22;14851;51.166;4.760;2025-06-01T00:00:05;21.10;99.90
13412;DHT22;67102;51.666;6.880;2025-06-01T00:00:05;21.30;99.90
17348;DHT22;8791;50.876;4.342;2025-06-01T00:00:05;22.10;1.00
15983;DHT22;14442;50.196;8.096;2025-06-01T00:00:05;22.90;58.00
72311;DHT22;60258;50.89890640;12.07752010;2025-06-01T00:00:05;23.10;56.80
30120;DHT22;16934;53.20857200;6.79659748;2025-06-01T00:00:05;23.30;80.80
9919;DHT22;4998;51.024;13.828;2025-06-01T00:00:05;24.80;61.70
7900;DHT22;3995;50.856;4.404;2025-06-01T00:00:05;24.80;63.00
85926;DHT22;80503;46.752;13.608;2025-06-01T00:00:05;28.60;42.60
36696;DHT22;22680;53.97473598;18.53600085;2025-06-01T00:00:06;10.40;99.90
85394;DHT22;75807;42.60368353;23.46845984;2025-06-01T00:00:06;10.96;85.83
7598;DHT22;3840;59.32098800;18.06423600;2025-06-01T00:00:06;11.10;99.90
2687;DHT22;1353;51.386;7.028;2025-06-01T00:00:06;14.80;99.90
6311;DHT22;3188;53.658;10.068;2025-06-01T00:00:06;15.30;99.90
65038;DHT22;79659;47.04066690;15.29397190;2025-06-01T00:00:06;15.80;99.90
91186;DHT22;83617;52.29370130;16.97497310;2025-06-01T00:00:06;16.30;69.90
24814;DHT22;12904;50.088;11.414;2025-06-01T00:00:06;16.50;99.90
65566;DHT22;77197;51.14496772;3.11371744;2025-06-01T00:00:06;16.90;99.90
26037;DHT22;13810;48.376;10.944;2025-06-01T00:00:06;17.60;99.90
6788;DHT22;3431;47.966;10.268;2025-06-01T00:00:06;17.60;99.90
23744;DHT22;12052;53.478;10.182;2025-06-01T00:00:06;17.70;99.90
65580;DHT22;52229;49.88270490;8.67252260;2025-06-01T00:00:06;18.10;99.90
24500;DHT22;12663;51.96411500;8.92720400;2025-06-01T00:00:06;18.20;99.90
43518;DHT22;34015;51.96610980;5.89297740;2025-06-01T00:00:06;18.40;99.90
19652;DHT22;9974;52.146;14.668;2025-06-01T00:00:06;18.50;99.90
30889;DHT22;77275;50.87323235;7.02363539;2025-06-01T00:00:06;18.70;99.90
15481;DHT22;7842;50.90449900;6.66961700;2025-06-01T00:00:06;18.80;99.90
23511;DHT22;48740;48.32791011;-1.84074640;2025-06-01T00:00:06;18.80;99.90
69189;DHT22;56302;52.322;5.926;2025-06-01T00:00:06;18.90;84.30
2647;DHT22;1333;50.958;6.770;2025-06-01T00:00:06;19.10;99.90
32877;DHT22;19226;51.600;8.034;2025-06-01T00:00:06;19.10;99.90
86841;DHT22;77658;53.338;6.002;2025-06-01T00:00:06;19.26;82.29
46269;DHT22;31999;48.19429175;11.45835614;2025-06-01T00:00:06;19.80;92.70
3942;DHT22;1985;48.592;8.850;2025-06-01T00:00:06;19.80;99.90
9448;DHT22;4762;48.128;11.376;2025-06-01T00:00:06;19.90;62.30
30103;DHT22;16919;50.75293873;4.16514337;2025-06-01T00:00:06;20.20;99.90
19728;DHT22;10015;52.530;13.390;2025-06-01T00:00:06;20.30;99.90
6142;DHT22;71289;51.552;6.210;2025-06-01T00:00:06;20.60;99.90
85911;DHT22;76450;47.06075389;15.43085307;2025-06-01T00:00:06;20.80;95.30
11532;DHT22;5822;51.000;5.874;2025-06-01T00:00:06;21.00;99.90
32536;DHT22;18974;50.838;4.636;2025-06-01T00:00:06;21.00;99.90
23715;DHT22;12036;50.858;4.472;2025-06-01T00:00:06;21.20;99.90
15574;DHT22;7888;46.748;8.102;2025-06-01T00:00:06;22.00;51.60
26304;DHT22;70693;48.680;8.890;2025-06-01T00:00:06;22.90;93.10
27407;DHT22;62051;50.82516969;4.40346837;2025-06-01T00:00:06;23.20;99.10
15844;DHT22;50807;52.436;13.346;2025-06-01T00:00:06;23.30;74.30
25504;DHT22;13410;52.114;5.718;2025-06-01T00:00:06;23.70;99.90
50957;DHT22;55361;50.876;20.634;2025-06-01T00:00:06;25.65;83
20091;DHT22;10205;49.678;6.560;2025-06-01T00:00:06;25.90;55.30
88717;DHT22;79980;42.65409013;23.41163456;2025-06-01T00:00:07;12.11;83.99
70382;DHT22;57951;42.73368698;24.25173669;2025-06-01T00:00:07;13.00;90.10
93451;DHT22;85880;47.60897860;21.60801060;2025-06-01T00:00:07;15.61;82.36
530;DHT22;80617;48.70380620;9.21000060;2025-06-01T00:00:07;15.90;99.90
26575;DHT22;67165;50.256;10.978;2025-06-01T00:00:07;16.50;98.00
45983;DHT22;31711;47.158;7.346;2025-06-01T00:00:07;16.50;99.90
2723;DHT22;1369;53.216;10.396;2025-06-01T00:00:07;16.60;99.90
76099;DHT22;64828;49.956;8.636;2025-06-01T00:00:07;16.80;99.90
67627;DHT22;54429;52.22467400;6.00633530;2025-06-01T00:00:07;16.9;100.0
5588;DHT22;2816;49.778;9.986;2025-06-01T00:00:07;17.30;99.90
54202;DHT22;40108;53.152;5.844;2025-06-01T00:00:07;17.70;91.90
13711;DHT22;6927;51.256;9.410;2025-06-01T00:00:07;18.20;99.90
18624;DHT22;9441;51.420;7.036;2025-06-01T00:00:07;18.30;99.90
31639;DHT22;18248;51.522;7.020;2025-06-01T00:00:07;18.50;77.00
61402;DHT22;47270;52.92065715;6.10009968;2025-06-01T00:00:07;18.60;99.90
83434;DHT22;73364;50.94893182;6.95608646;2025-06-01T00:00:07;19.00;99.90
18240;DHT22;9244;50.828;4.718;2025-06-01T00:00:07;19.20;99.90
28761;DHT22;15917;50.014;8.352;2025-06-01T00:00:07;19.20;99.90
52925;DHT22;38797;53.20545560;5.84539670;2025-06-01T00:00:07;19.50;82.40
90588;DHT22;82655;51.26243542;5.78936040;2025-06-01T00:00:07;19.70;81.00
44783;DHT22;81822;51.486;5.468;2025-06-01T00:00:07;19.70;99.90
75719;DHT22;64340;48.534;-3.036;2025-06-01T00:00:07;20.00;65.70
72206;DHT22;60111;48.286;7.812;2025-06-01T00:00:07;20.10;75.30
54096;DHT22;40013;52.79450690;6.94614083;2025-06-01T00:00:07;20.30;99.90
64374;DHT22;50698;52.83391012;6.68715477;2025-06-01T00:00:07;20.30;99.90
16955;DHT22;8594;52.052;8.354;2025-06-01T00:00:07;20.80;99.90
46764;DHT22;32517;52.37290714;4.96495664;2025-06-01T00:00:07;20.90;98.50
30628;DHT22;17394;50.890;4.724;2025-06-01T00:00:07;21.00;99.90
18753;DHT22;9505;50.882;5.350;2025-06-01T00:00:07;21.10;99.90
59695;DHT22;45559;50.77403375;4.98628825;2025-06-01T00:00:07;21.40;99.90
14475;DHT22;7323;50.848;4.334;2025-06-01T00:00:07;21.50;1.00
22787;DHT22;63134;52.020;4.714;2025-06-01T00:00:07;21.70;99.90
24450;DHT22;13349;50.984;5.822;2025-06-01T00:00:07;21.70;99.90
85816;DHT22;82649;51.220;4.442;2025-06-01T00:00:07;22.20;57.90
47590;DHT22;33316;52.298;9.056;2025-06-01T00:00:07;22.20;82.80
29849;DHT22;16728;50.832;5.590;2025-06-01T00:00:07;22.30;99.90
13369;DHT22;6753;52.520;13.450;2025-06-01T00:00:07;22.80;59.90
27492;DHT22;14927;51.210;6.838;2025-06-01T00:00:07;23.00;64.40
73137;DHT22;67767;45.636;11.756;2025-06-01T00:00:07;23.30;85.10
25410;DHT22;13339;50.840;4.346;2025-06-01T00:00:07;23.40;99.90
3350;DHT22;1688;51.000;13.684;2025-06-01T00:00:07;23.60;99.90
18575;DHT22;9417;16.484;102.872;2025-06-01T00:00:07;26.80;99.90
18085;DHT22;9169;44.492;11.372;2025-06-01T00:00:07;26.90;47.10
32400;DHT22;45045;45.440;9.178;2025-06-01T00:00:07;28.60;96.10
14301;DHT22;7234;59.306;18.024;2025-06-01T00:00:08;13.50;99.90
23149;DHT22;11743;51.228;22.498;2025-06-01T00:00:08;13.50;99.90
13375;DHT22;6756;51.354;15.754;2025-06-01T00:00:08;14.20;99.90
11736;DHT22;5924;51.398;7.088;2025-06-01T00:00:08;15.40;99.90
30250;DHT22;17064;47.974;13.826;2025-06-01T00:00:08;15.50;99.90
13992;DHT22;7070;53.586;9.692;2025-06-01T00:00:08;16.60;83.80
12152;DHT22;6139;51.274;7.128;2025-06-01T00:00:08;16.60;99.90
21255;DHT22;10785;50.674;17.954;2025-06-01T00:00:08;16.70;99.90
6106;DHT22;3083;51.508;7.966;2025-06-01T00:00:08;17.10;99.90
72128;DHT22;60000;51.030;7.024;2025-06-01T00:00:08;17.72;90.04
52799;DHT22;38667;42.872;74.622;2025-06-01T00:00:08;18.10;41.60
18444;DHT22;9350;53.176;8.194;2025-06-01T00:00:08;18.30;99.90
26182;DHT22;13927;51.534;11.866;2025-06-01T00:00:08;18.70;99.90
61912;DHT22;49973;52.084;5.412;2025-06-01T00:00:08;19.20;99.00
68760;DHT22;55748;50.99895415;4.31060761;2025-06-01T00:00:08;19.57;83.24
51327;DHT22;37412;52.836;6.362;2025-06-01T00:00:08;19.70;99.90
7666;DHT22;3875;46.562;4.898;2025-06-01T00:00:08;19.90;90.30
85645;DHT22;76069;51.18683550;4.44454074;2025-06-01T00:00:08;20.20;51.40
60848;DHT22;46681;47.696;9.140;2025-06-01T00:00:08;20.20;60.50
16408;DHT22;8313;49.894;8.084;2025-06-01T00:00:08;20.60;99.90
13982;DHT22;7065;50.880;5.502;2025-06-01T00:00:08;20.70;99.90
26621;DHT22;14253;44.840;10.444;2025-06-01T00:00:08;21.10;97.50
53021;DHT22;38911;53.25434017;6.59472115;2025-06-01T00:00:08;21.30;91.20
62286;DHT22;48280;52.99956383;6.51265562;2025-06-01T00:00:08;21.30;99.90
26334;DHT22;14045;50.92166250;4.60000000;2025-06-01T00:00:08;21.40;99.90
21487;DHT22;10905;50.822;4.336;2025-06-01T00:00:08;21.90;99.90
19880;DHT22;10102;50.828;4.416;2025-06-01T00:00:08;22.10;99.90
13606;DHT22;6874;52.084;5.090;2025-06-01T00:00:08;22.40;98.40
93940;DHT22;86629;47.520;-2.556;2025-06-01T00:00:08;22.80;68.90
921;DHT22;447;51.332;6.778;2025-06-01T00:00:08;24.30;90.10
84202;DHT22;74340;52.20198245;20.95142709;2025-06-01T00:00:08;28.20;56.00
62482;DHT22;48528;59.62643383;14.28468883;2025-06-01T00:00:08;7.00;80.60
57476;DHT22;60992;50.87527154;0.00964344;2025-06-01T00:00:09;14.70;1.00
8332;DHT22;4203;48.144;14.118;2025-06-01T00:00:09;15.00;1.00
46730;DHT22;32476;50.002;11.854;2025-06-01T00:00:09;15.30;99.90
62178;DHT22;48164;45.63749218;11.71378076;2025-06-01T00:00:09;15.40;77.00
8261;DHT22;64115;50.170;8.242;2025-06-01T00:00:09;15.70;99.90
71901;DHT22;59776;45.96285966;6.61502156;2025-06-01T00:00:09;15.90;99.90
27496;DHT22;14929;51.336;9.416;2025-06-01T00:00:09;16.05;85.30
5786;DHT22;2919;48.630;9.000;2025-06-01T00:00:09;16.40;99.90
89996;DHT22;81692;43.412;24.630;2025-06-01T00:00:09;16.55;75.88
79012;DHT22;79349;44.834;37.546;2025-06-01T00:00:09;16.59;81.54
3256;DHT22;1640;48.504;9.224;2025-06-01T00:00:09;17.10;99.90
82933;DHT22;72709;50.84243891;3.25319499;2025-06-01T00:00:09;17.10;99.90
77971;DHT22;73036;52.08551038;6.36974859;2025-06-01T00:00:09;17.40;99.90
4520;DHT22;2272;49.226;8.108;2025-06-01T00:00:09;17.50;99.90
82929;DHT22;72704;50.77968358;3.30088198;2025-06-01T00:00:09;17.70;60.90
12819;DHT22;6474;53.474;9.894;2025-06-01T00:00:09;17.70;76.90
4673;DHT22;61885;53.560;9.940;2025-06-01T00:00:09;17.70;95.40
28424;DHT22;15659;51.44344765;6.96718424;2025-06-01T00:00:09;17.70;99.90
10692;DHT22;5396;50.950;6.988;2025-06-01T00:00:09;17.80;99.90
35127;DHT22;21300;52.006;5.798;2025-06-01T00:00:09;18.20;99.90
54276;DHT22;40186;53.24773370;6.13723700;2025-06-01T00:00:09;18.40;99.90
27910;DHT22;15252;50.88344459;7.09019691;2025-06-01T00:00:09;18.70;99.90
5842;DHT22;2947;52.276;9.946;2025-06-01T00:00:09;18.80;1.00
93932;DHT22;86415;47.550;-2.364;2025-06-01T00:00:09;18.80;78.60
17208;DHT22;8720;48.488;9.202;2025-06-01T00:00:09;19.10;93.10
78970;DHT22;73015;44.73694400;37.78022200;2025-06-01T00:00:09;19.17;80.94
53657;DHT22;39560;53.12712440;6.40562610;2025-06-01T00:00:09;19.20;99.90
43073;DHT22;28694;50.91870696;4.10261571;2025-06-01T00:00:09;19.50;99.90
37072;DHT22;22986;49.22693755;8.63355730;2025-06-01T00:00:09;19.60;99.90
63041;DHT22;49128;50.95068695;6.95219842;2025-06-01T00:00:09;19.70;99.90
10030;DHT22;5055;52.054;8.524;2025-06-01T00:00:09;20.10;97.00
28244;DHT22;15510;52.512;13.300;2025-06-01T00:00:09;20.20;99.90
86002;DHT22;76581;51.988;5.854;2025-06-01T00:00:09;20.70;84.20
67139;DHT22;54057;52.02517540;5.55991888;2025-06-01T00:00:09;21.40;65.20
24338;DHT22;12457;50.832;4.346;2025-06-01T00:00:09;21.50;99.90
41876;DHT22;27555;50.808;4.402;2025-06-01T00:00:09;21.70;99.90
42037;DHT22;75222;52.004;5.908;2025-06-01T00:00:09;21.80;75.80
7234;DHT22;3658;47.992;10.158;2025-06-01T00:00:09;22.00;49.80
37406;DHT22;23273;53.05853420;8.76345884;2025-06-01T00:00:09;22.00;84.40
12111;DHT22;6119;52.372;8.990;2025-06-01T00:00:09;22.10;99.90
14519;DHT22;7346;50.846;4.388;2025-06-01T00:00:09;22.10;99.90
21582;DHT22;10952;50.836;4.348;2025-06-01T00:00:09;22.20;99.90
83654;DHT22;73614;50.76850592;3.39959800;2025-06-01T00:00:09;22.78;55.60
89509;DHT22;81137;47.508;19.066;2025-06-01T00:00:09;23.80;46.60
12329;DHT22;6230;52.390;10.256;2025-06-01T00:00:09;24.10;54.90
33757;DHT22;62507;51.72853440;9.01158874;2025-06-01T00:00:09;25.30;46.90
27342;DHT22;14822;50.70538800;12.73492880;2025-06-01T00:00:10;15.80;99.90
2523;DHT22;1272;53.332;9.860;2025-06-01T00:00:10;16.20;99.90
41882;DHT22;27562;47.524;12.404;2025-06-01T00:00:10;16.80;99.90
33831;DHT22;20137;48.834;8.732;2025-06-01T00:00:10;17.60;99.90
26332;DHT22;14044;48.36019750;10.90774994;2025-06-01T00:00:10;17.80;99.90
36594;DHT22;22603;47.900;8.146;2025-06-01T00:00:10;18.30;99.90
21811;DHT22;11067;48.788;9.208;2025-06-01T00:00:10;18.70;99.90
37434;DHT22;77267;48.43859455;13.34841121;2025-06-01T00:00:10;18.70;99.90
15107;DHT22;7654;45.308;-75.096;2025-06-01T00:00:10;18.90;92.60
48575;DHT22;34352;51.084;3.712;2025-06-01T00:00:10;18.90;99.90
79020;DHT22;72857;44.740;37.770;2025-06-01T00:00:10;19.68;77.42
41630;DHT22;27322;49.488;8.480;2025-06-01T00:00:10;20.00;99.90
50162;DHT22;36061;48.116;11.612;2025-06-01T00:00:10;20.10;99.90
38183;DHT22;23991;52.430;10.586;2025-06-01T00:00:10;21.20;71.10
10384;DHT22;5238;43.508;4.980;2025-06-01T00:00:10;21.40;91.30
24452;DHT22;13350;50.984;5.822;2025-06-01T00:00:10;21.40;99.90
24448;DHT22;13348;50.984;5.822;2025-06-01T00:00:10;21.70;95.00
24011;DHT22;12217;50.792;4.372;2025-06-01T00:00:10;21.80;99.90
27262;DHT22;14764;44.56144910;11.26836509;2025-06-01T00:00:10;22.70;99.90
23579;DHT22;11967;50.852;4.400;2025-06-01T00:00:10;23.50;99.90
3504;DHT22;85044;53.540;10.224;2025-06-01T00:00:10;25.40;46.30
3868;DHT22;1949;48.152;11.528;2025-06-01T00:00:10;25.50;39.50
66156;DHT22;52957;50.848;20.656;2025-06-01T00:00:10;25;83
87400;DHT22;82197;-5.81284330;-35.20309746;2025-06-01T00:00:10;26.70;99.90
75296;DHT22;64623;44.738;37.804;2025-06-01T00:00:10;3.53;118.99
59961;DHT22;55902;-37.980;-63.602;2025-06-01T00:00:10;7.10;93.00
40123;DHT22;25832;45.490;4.912;2025-06-01T00:00:11;15.90;99.90
3023;DHT22;1521;53.584;9.938;2025-06-01T00:00:11;16.20;99.90
2202;DHT22;1107;48.654;9.250;2025-06-01T00:00:11;16.40;99.90
1594;DHT22;790;47.000;16.084;2025-06-01T00:00:11;16.60;99.90
41936;DHT22;27630;48.69099245;9.40969990;2025-06-01T00:00:11;16.60;99.90
61455;DHT22;79362;50.940;17.334;2025-06-01T00:00:11;16.60;99.90
74822;DHT22;63353;48.702;8.884;2025-06-01T00:00:11;16.80;100.00
18067;DHT22;9158;51.528;7.192;2025-06-01T00:00:11;17.00;1.00
80426;DHT22;69766;51.476;5.704;2025-06-01T00:00:11;17.00;99.90
34460;DHT22;20704;51.260;22.558;2025-06-01T00:00:11;17.20;99.90
68598;DHT22;55568;51.03745700;-2.82959100;2025-06-01T00:00:11;17.25;81.56
61278;DHT22;47156;48.78086020;8.73370545;2025-06-01T00:00:11;17.40;99.90
41780;DHT22;34285;53.30855700;5.78853670;2025-06-01T00:00:11;17.80;99.90
38722;DHT22;83048;51.322;6.500;2025-06-01T00:00:11;18.00;99.90
18434;DHT22;9344;52.294;13.626;2025-06-01T00:00:11;18.60;99.90
4374;DHT22;2201;51.100;6.814;2025-06-01T00:00:11;18.90;98.20
15262;DHT22;7733;51.554;13.590;2025-06-01T00:00:11;19.60;99.90
55737;DHT22;41639;52.84268206;6.88079149;2025-06-01T00:00:11;19.80;99.90
30473;DHT22;17263;48.160;11.452;2025-06-01T00:00:11;19.90;99.90
41034;DHT22;26769;51.22743550;5.30436340;2025-06-01T00:00:11;19.90;99.90
30381;DHT22;17169;50.966;11.038;2025-06-01T00:00:11;20.00;94.10
1930;DHT22;58857;52.18858147;13.16455221;2025-06-01T00:00:11;20.10;99.90
17992;DHT22;9121;50.926;5.340;2025-06-01T00:00:11;22.40;99.90
67899;DHT22;54699;51.796;10.956;2025-06-01T00:00:11;23.70;56.00
26047;DHT22;13821;43.56492637;1.37327760;2025-06-01T00:00:11;25.50;99.90
20946;DHT22;10632;51.276;7.116;2025-06-01T00:00:12;15.20;99.90
38938;DHT22;24727;51.974;20.868;2025-06-01T00:00:12;15.20;99.90
939;DHT22;456;53.584;9.968;2025-06-01T00:00:12;15.80;67.90
4615;DHT22;2320;51.362;6.946;2025-06-01T00:00:12;16.10;99.90
21861;DHT22;11095;48.066;8.540;2025-06-01T00:00:12;16.60;99.90
92990;DHT22;85248;51.50971404;7.17188627;2025-06-01T00:00:12;17.20;92.30
7290;DHT22;63176;52.678;13.250;2025-06-01T00:00:12;17.20;99.90
87310;DHT22;78159;50.82448540;3.25209582;2025-06-01T00:00:12;17.40;97.90
28257;DHT22;15520;48.80274517;9.10123408;2025-06-01T00:00:12;17.60;99.90
3334;DHT22;1679;50.392;8.008;2025-06-01T00:00:12;17.60;99.90
22633;DHT22;11483;55.828;37.488;2025-06-01T00:00:12;17.70;99.90
34195;DHT22;20462;50.78922580;12.94075930;2025-06-01T00:00:12;17.70;99.90
52217;DHT22;38183;53.13013790;6.40843120;2025-06-01T00:00:12;18.30;99.90
13713;DHT22;6928;50.546;7.120;2025-06-01T00:00:12;18.35;92.65
1592;DHT22;789;51.612;7.510;2025-06-01T00:00:12;18.70;1.00
3896;DHT22;1963;48.804;8.358;2025-06-01T00:00:12;18.70;99.90
55642;DHT22;41509;53.108;6.100;2025-06-01T00:00:12;19.50;99.90
19680;DHT22;9989;48.962;9.182;2025-06-01T00:00:12;19.60;99.90
12841;DHT22;6487;48.626;12.486;2025-06-01T00:00:12;20.30;99.90
1277;DHT22;631;51.024;13.826;2025-06-01T00:00:12;20.40;1.00
23540;DHT22;11947;50.810;4.394;2025-06-01T00:00:12;20.50;99.90
25680;DHT22;13532;50.95431772;5.34201354;2025-06-01T00:00:12;20.70;99.90
418;DHT22;49;48.530;9.200;2025-06-01T00:00:12;21.60;99.90
32698;DHT22;19087;51.062;3.754;2025-06-01T00:00:12;21.80;95.70
90915;DHT22;83110;48.970;8.410;2025-06-01T00:00:12;21;99.9
24744;DHT22;12844;52.110;5.548;2025-06-01T00:00:12;22.40;56.90
19281;DHT22;9774;52.034;5.342;2025-06-01T00:00:12;24.00;62.50
84902;DHT22;75166;51.198;6.010;2025-06-01T00:00:12;24.90;54.90
12682;DHT22;6405;59.208;18.216;2025-06-01T00:00:12;5.70;99.90
22574;DHT22;11453;52.052;20.430;2025-06-01T00:00:13;12.50;99.90
52321;DHT22;38261;54.090;13.382;2025-06-01T00:00:13;16.40;99.90
59313;DHT22;45084;51.486;7.366;2025-06-01T00:00:13;16.50;99.90
24562;DHT22;12728;48.00012520;16.23267988;2025-06-01T00:00:13;16.80;99.90
78992;DHT22;72820;44.838;37.674;2025-06-01T00:00:13;17.27;80.44
13172;DHT22;6651;53.200;10.432;2025-06-01T00:00:13;17.50;99.90
54768;DHT22;40662;53.40394310;6.21148560;2025-06-01T00:00:13;17.70;99.90
2611;DHT22;77760;51.172;16.590;2025-06-01T00:00:13;18.10;1.00
83817;DHT22;73834;52.98684299;6.01364940;2025-06-01T00:00:13;18.30;1.00
31923;DHT22;86135;51.77696720;8.81763090;2025-06-01T00:00:13;18.60;99.90
8662;DHT22;29684;47.722;9.388;2025-06-01T00:00:13;19.20;99.90
67275;DHT22;55463;52.324;5.122;2025-06-01T00:00:13;19.42;89.08
54429;DHT22;40337;52.978;6.310;2025-06-01T00:00:13;19.90;99.90
55209;DHT22;41080;45.94722000;12.60619000;2025-06-01T00:00:13;20.10;99.90
30624;DHT22;17392;49.76179300;7.98508200;2025-06-01T00:00:13;20.60;83.10
85816;DHT22;82649;51.220;4.442;2025-06-01T00:00:13;22.20;57.90
44729;DHT22;30457;53.590;9.922;2025-06-01T00:00:13;23.00;49.90
21169;DHT22;10742;51.816;8.662;2025-06-01T00:00:13;24.30;79.00
16283;DHT22;8249;48.708;9.030;2025-06-01T00:00:14;17.00;99.90
20068;DHT22;10194;50.824;7.134;2025-06-01T00:00:14;17.40;99.90
70734;DHT22;58320;48.804;9.252;2025-06-01T00:00:14;17.90;88.40
64869;DHT22;51349;52.424;10.840;2025-06-01T00:00:14;18.20;99.90
13944;DHT22;7044;53.286;8.534;2025-06-01T00:00:14;18.30;99.90
27779;DHT22;30234;48.090;11.464;2025-06-01T00:00:14;18.50;99.90
81063;DHT22;76914;45.12509418;19.84731975;2025-06-01T00:00:14;19.00;59.30
28773;DHT22;15925;51.222;5.678;2025-06-01T00:00:14;19.00;99.90
52979;DHT22;78914;53.186;6.598;2025-06-01T00:00:14;19.00;99.90
3860;DHT22;1945;52.036;8.614;2025-06-01T00:00:14;19.60;1.00
53120;DHT22;39014;52.77542000;6.93480630;2025-06-01T00:00:14;20.10;1.00
83721;DHT22;73703;51.17052227;4.98537093;2025-06-01T00:00:14;20.80;99.90
29453;DHT22;16424;50.956;5.320;2025-06-01T00:00:14;21.80;99.90
75792;DHT22;64410;48.17844458;16.38457596;2025-06-01T00:00:14;22.20;66.50
10083;DHT22;5080;48.528;8.078;2025-06-01T00:00:14;22.20;99.90
21439;DHT22;10880;50.302;18.736;2025-06-01T00:00:14;23.00;55.50
27188;DHT22;14708;50.872;5.306;2025-06-01T00:00:14;24.90;62.90
38646;DHT22;24407;54.36167875;18.56763055;2025-06-01T00:00:15;10.00;99.90
69162;DHT22;56269;51.738;21.652;2025-06-01T00:00:15;12.07;99.99
39407;DHT22;25122;47.82852762;19.03629988;2025-06-01T00:00:15;13.20;99.90
67605;DHT22;54418;52.21373054;5.96476912;2025-06-01T00:00:15;13.6;0.0
67361;DHT22;54242;51.64518400;11.04590000;2025-06-01T00:00:15;13.60;99.90
53922;DHT22;42089;51.16855026;17.11886376;2025-06-01T00:00:15;16.20;99.90
52897;DHT22;38760;50.55604700;30.27152400;2025-06-01T00:00:15;17.20;95.10
43087;DHT22;28708;52.224;6.924;2025-06-01T00:00:15;17.50;99.90
55097;DHT22;40995;52.88631450;6.02810383;2025-06-01T00:00:15;19.20;99.90
23721;DHT22;42950;52.134;5.578;2025-06-01T00:00:15;19.80;99.90
21612;DHT22;47005;52.292;13.452;2025-06-01T00:00:15;20.00;95.70
26803;DHT22;14378;51.796;5.808;2025-06-01T00:00:15;20.40;99.90
93171;DHT22;85481;42.88382335;25.75053398;2025-06-01T00:00:16;13.50;99.90
16032;DHT22;8120;48.308;8.914;2025-06-01T00:00:16;15.50;86.90
77803;DHT22;66993;48.256;16.422;2025-06-01T00:00:16;16.1;83.0
15426;DHT22;7812;50.072;7.036;2025-06-01T00:00:16;17.10;99.90
43928;DHT22;31674;50.84436305;13.40544875;2025-06-01T00:00:16;17.60;99.90
82594;DHT22;72273;52.19652459;5.97452688;2025-06-01T00:00:16;17.6;99.9
8939;DHT22;4504;48.810;9.172;2025-06-01T00:00:16;18.30;99.90
54704;DHT22;40602;53.23524380;6.63079830;2025-06-01T00:00:16;18.40;99.90
18260;DHT22;9256;52.236;5.712;2025-06-01T00:00:16;19.20;99.90
18717;DHT22;9487;50.892;6.906;2025-06-01T00:00:16;19.30;95.50
45769;DHT22;31477;48.11084800;11.60296900;2025-06-01T00:00:16;20.00;99.90
44477;DHT22;30180;44.788;10.366;2025-06-01T00:00:16;21.60;73.40
15394;DHT22;7795;47.986;11.868;2025-06-01T00:00:16;22.50;65.40
81385;DHT22;70838;45.16391122;9.76693690;2025-06-01T00:00:16;22.50;83.60
64501;DHT22;50874;24.150;-110.320;2025-06-01T00:00:16;31.20;99.90
40023;DHT22;25713;-35.352;149.036;2025-06-01T00:00:17;12.60;80.30
5930;DHT22;2990;48.746;9.236;2025-06-01T00:00:17;16.70;99.90
9824;DHT22;4951;50.778;7.196;2025-06-01T00:00:17;16.90;99.90
16976;DHT22;8604;48.148;-1.786;2025-06-01T00:00:17;17.70;99.90
423;DHT22;198;48.752;9.180;2025-06-01T00:00:17;18.00;99.90
314;DHT22;143;51.634;7.112;2025-06-01T00:00:17;18.20;1.00
41288;DHT22;27031;47.49440733;8.18924546;2025-06-01T00:00:17;18.40;99.90
20467;DHT22;10392;52.21973300;8.80922900;2025-06-01T00:00:17;18.70;99.90
57008;DHT22;42904;53.07801410;6.68339250;2025-06-01T00:00:17;18.90;99.90
14000;DHT22;7075;53.574;10.054;2025-06-01T00:00:17;19.50;99.90
78941;DHT22;68343;52.22484996;9.83992195;2025-06-01T00:00:17;19.60;65.10
48666;DHT22;34452;50.796;4.994;2025-06-01T00:00:17;20.60;99.90
7576;DHT22;3829;50.798;4.358;2025-06-01T00:00:17;20.60;99.90
25024;DHT22;13033;50.936;5.334;2025-06-01T00:00:17;21.90;1.00
27104;DHT22;14636;50.93579250;5.32849770;2025-06-01T00:00:17;22.70;73.70
18998;DHT22;9632;51.018;4.284;2025-06-01T00:00:17;22.70;99.90
74394;DHT22;62830;53.12118326;-4.12707516;2025-06-01T00:00:18;12.90;99.90
69776;DHT22;57049;51.450;-2.516;2025-06-01T00:00:18;14.47;97.89
31231;DHT22;17852;51.170;6.830;2025-06-01T00:00:18;17.80;99.90
6666;DHT22;3369;49.906;8.598;2025-06-01T00:00:18;18.00;99.90
8563;DHT22;16392;52.508;13.468;2025-06-01T00:00:18;18.40;99.90
90003;DHT22;81698;52.77116260;5.74977740;2025-06-01T00:00:18;18.50;99.90
28703;DHT22;85796;49.304;8.634;2025-06-01T00:00:18;18.70;99.90
60154;DHT22;46018;52.75702949;6.36112516;2025-06-01T00:00:18;19.00;99.90
37232;DHT22;23125;48.156;15.954;2025-06-01T00:00:18;19.10;58.50
81136;DHT22;70622;50.886;3.890;2025-06-01T00:00:18;19.30;99.90
87892;DHT22;86066;45.472;11.612;2025-06-01T00:00:18;19.40;63.10
56478;DHT22;42382;53.210;5.772;2025-06-01T00:00:18;19.60;80.90
51615;DHT22;37695;52.960;6.188;2025-06-01T00:00:18;19.80;99.90
43508;DHT22;29101;51.44748130;4.92808968;2025-06-01T00:00:18;20.30;99.90
37938;DHT22;23763;48.130;11.602;2025-06-01T00:00:18;20.60;99.90
22491;DHT22;11412;50.802;4.350;2025-06-01T00:00:18;20.80;99.90
23991;DHT22;12205;50.600;4.608;2025-06-01T00:00:18;20.90;99.90
11958;DHT22;6039;52.576;13.348;2025-06-01T00:00:18;21.10;99.90
65201;DHT22;56300;52.29609608;4.86518383;2025-06-01T00:00:18;21.60;60.30
57156;DHT22;73771;59.928;10.682;2025-06-01T00:00:18;22.50;40.80
13369;DHT22;6753;52.520;13.450;2025-06-01T00:00:18;22.70;59.80
47346;DHT22;33082;45.62423500;9.14124300;2025-06-01T00:00:18;26.00;71.60
39797;DHT22;25484;51.95343694;5.88633299;2025-06-01T00:00:18;27.70;50.20
75509;DHT22;64214;47.250;11.332;2025-06-01T00:00:18;27.81;54.50
81867;DHT22;71318;-36.550;-64.300;2025-06-01T00:00:18;4.20;81.90
46842;DHT22;32579;51.51923450;9.94943715;2025-06-01T00:00:19;15.40;99.90
46329;DHT22;32047;49.41722585;8.64673878;2025-06-01T00:00:19;17.20;99.90
53548;DHT22;39433;53.30043570;7.01623260;2025-06-01T00:00:19;17.20;99.90
62904;DHT22;49000;50.698;13.322;2025-06-01T00:00:19;17.70;1.00
20398;DHT22;10358;49.590;11.030;2025-06-01T00:00:19;17.70;99.90
65562;DHT22;52208;51.19165230;3.63646540;2025-06-01T00:00:19;17.80;91.20
5705;DHT22;2877;48.238;11.160;2025-06-01T00:00:19;18.20;99.90
11599;DHT22;5855;48.840;9.188;2025-06-01T00:00:19;18.40;1.00
38221;DHT22;24023;51.280;7.148;2025-06-01T00:00:19;18.4;100.0
92800;DHT22;85067;51.21614735;6.95663899;2025-06-01T00:00:19;18.50;69.30
90632;DHT22;82693;51.24857400;5.84589080;2025-06-01T00:00:19;19.20;71.00
26063;DHT22;13837;48.562;12.108;2025-06-01T00:00:19;19.20;99.90
43137;DHT22;28746;51.70422280;5.97492750;2025-06-01T00:00:19;19.50;99.90
48946;DHT22;34999;50.940;3.998;2025-06-01T00:00:19;19.50;99.90
57753;DHT22;43583;53.132;6.574;2025-06-01T00:00:19;19.50;99.90
51773;DHT22;37839;53.19919240;6.52511640;2025-06-01T00:00:19;19.60;99.90
15099;DHT22;33900;53.640;9.942;2025-06-01T00:00:19;19.90;90.30
17423;DHT22;8829;47.932;7.810;2025-06-01T00:00:19;20.00;99.90
16038;DHT22;8123;50.906;6.172;2025-06-01T00:00:19;20.20;34.40
25324;DHT22;13277;51.33491435;4.37138749;2025-06-01T00:00:19;20.50;99.90
13093;DHT22;6612;49.568;11.000;2025-06-01T00:00:19;21.70;66.10
89364;DHT22;80938;52.73245085;13.39266570;2025-06-01T00:00:19;22.09;55.94
26821;DHT22;37186;51.394;5.454;2025-06-01T00:00:19;23.30;78.90
30288;DHT22;17103;48.316;11.558;2025-06-01T00:00:19;25.20;41.90
12125;DHT22;6126;57.908;16.490;2025-06-01T00:00:19;8.00;70.10
41338;DHT22;27085;46.78085626;23.63609206;2025-06-01T00:00:20;15.10;99.90
2495;DHT22;1258;48.336;14.322;2025-06-01T00:00:20;15.60;99.90
17202;DHT22;8717;53.588;10.176;2025-06-01T00:00:20;16.30;99.90
81307;DHT22;70775;50.846;3.224;2025-06-01T00:00:20;17.00;99.90
15156;DHT22;7678;50.058;8.306;2025-06-01T00:00:20;17.40;99.90
38239;DHT22;24035;48.900;9.188;2025-06-01T00:00:20;17.60;99.90
4376;DHT22;2202;50.866;12.750;2025-06-01T00:00:20;17.70;93.90
10459;DHT22;5277;48.722;8.736;2025-06-01T00:00:20;17.80;99.90
38211;DHT22;29268;53.09968875;9.38843697;2025-06-01T00:00:20;18.00;99.90
19206;DHT22;59358;52.134;5.596;2025-06-01T00:00:20;18.50;99.90
17252;DHT22;8742;51.716;8.790;2025-06-01T00:00:20;18.90;99.90
77145;DHT22;70720;47.50541606;-2.62305772;2025-06-01T00:00:20;19.30;77.30
33207;DHT22;19565;46.602;11.534;2025-06-01T00:00:20;19.30;99.90
12948;DHT22;6539;49.476;8.484;2025-06-01T00:00:20;19.60;99.90
44924;DHT22;30659;52.37667333;4.61987168;2025-06-01T00:00:20;20.20;99.90
13707;DHT22;6925;47.816;13.072;2025-06-01T00:00:20;20.40;56.20
64062;DHT22;50308;47.438;-1.528;2025-06-01T00:00:20;20.80;96.80
18446;DHT22;9352;50.888;4.466;2025-06-01T00:00:20;21.30;99.80
5868;DHT22;2960;49.142;7.768;2025-06-01T00:00:20;21.80;64.40
32841;DHT22;19184;51.05652372;3.75177312;2025-06-01T00:00:20;22.00;95.00
85816;DHT22;82649;51.220;4.442;2025-06-01T00:00:20;22.20;58.00
27787;DHT22;15170;50.88324491;4.21741426;2025-06-01T00:00:20;26.00;52.00
85926;DHT22;80503;46.752;13.608;2025-06-01T00:00:20;28.60;42.60
21092;DHT22;10704;42.678;23.288;2025-06-01T00:00:21;13.00;99.90
31725;DHT22;18306;40.960;14.836;2025-06-01T00:00:21;13.60;100.00
51069;DHT22;37113;52.26136662;21.16362047;2025-06-01T00:00:21;14.10;99.90
37024;DHT22;22936;-33.90266291;151.16559327;2025-06-01T00:00:21;15.60;99.90
43641;DHT22;72791;52.546;13.570;2025-06-01T00:00:21;16.50;99.90
44223;DHT22;29895;48.804;9.386;2025-06-01T00:00:21;16.80;99.90
60858;DHT22;46693;51.33284524;9.82006609;2025-06-01T00:00:21;17.40;92.60
82958;DHT22;72744;50.79375280;3.26170465;2025-06-01T00:00:21;17.90;99.90
38428;DHT22;24211;49.980;19.776;2025-06-01T00:00:21;19.40;1.00
10046;DHT22;5063;50.878;4.742;2025-06-01T00:00:21;19.90;99.90
57733;DHT22;43572;53.07711680;6.39412180;2025-06-01T00:00:21;20.10;99.90
35662;DHT22;23203;48.11171868;-1.40080780;2025-06-01T00:00:21;20.30;96.40
20658;DHT22;10488;50.846;4.078;2025-06-01T00:00:21;20.50;99.90
1411;DHT22;700;51.906;8.404;2025-06-01T00:00:21;20.60;99.90
69409;DHT22;56603;52.93167440;7.05958790;2025-06-01T00:00:21;20.60;99.90
9987;DHT22;5033;46.310;11.214;2025-06-01T00:00:21;20.70;99.90
27226;DHT22;14732;51.074;3.788;2025-06-01T00:00:21;21.00;99.90
