sensor_id;sensor_type;location;lat;lon;timestamp;pressure;altitude;pressure_sealevel;temperature;humidity
20145;BME280;10233;50.814;6.590;2025-06-01T00:00:00;100035.69;;;19.85;100.00
58979;BME280;44763;50.464;30.612;2025-06-01T00:00:00;100172.91;;;30.53;35.87
62993;BME280;49085;52.14559540;12.57375400;2025-06-01T00:00:00;100256.47;;;18.08;100.00
57250;BME280;43102;52.014;-0.680;2025-06-01T00:00:00;100502;;;16.90;60.68
48015;BME280;33780;51.034;7.120;2025-06-01T00:00:00;100527.69;;;19.74;81.40
56088;BME280;41960;52.28481455;20.88934078;2025-06-01T00:00:00;100562.15;;;13.48;96.88
31092;BME280;67728;53.122;12.776;2025-06-01T00:00:00;100842.22;;;13.55;100.00
33302;BME280;19664;50.97000735;6.82970264;2025-06-01T00:00:00;100853.31;;;18.09;100.00
75585;BME280;64162;53.508;10.476;2025-06-01T00:00:00;100964.28;;;24.72;51.72
72482;BME280;60505;51.25027040;5.71232760;2025-06-01T00:00:00;100973.88;;;21.16;100.00
68871;BME280;55906;52.278;6.808;2025-06-01T00:00:00;101148.94;;;17.05;100.00
85909;BME280;78141;52.542;4.680;2025-06-01T00:00:00;101263.44;;;18.48;67.90
22775;BME280;11554;51.106;3.684;2025-06-01T00:00:00;1013.0;;;18.8;66.1
43745;BME280;29359;53.048;8.732;2025-06-01T00:00:00;101327.59;;;18.34;66.81
89137;BME280;80625;50.976;3.924;2025-06-01T00:00:00;101328.69;;;24.65;46.32
57827;BME280;43656;57.746;11.780;2025-06-01T00:00:00;101329.53;;;9.59;100.00
86867;BME280;77678;45.18564000;9.77872500;2025-06-01T00:00:00;101340;;;21.6;100.0
76327;BME280;65145;51.70338514;5.21406627;2025-06-01T00:00:00;101347.69;;;17.58;100.00
71384;BME280;67558;52.166;5.004;2025-06-01T00:00:00;101385.09;;;28.09;38.95
86864;BME280;77677;45.184;9.790;2025-06-01T00:00:00;101400;;;26.2;52.5
75633;BME280;64226;51.89009720;5.42080790;2025-06-01T00:00:00;101430;;;18.17;100.00
86835;BME280;80252;41.11751980;25.40031016;2025-06-01T00:00:00;101450.91;;;21.86;56.12
89590;BME280;81255;52.370;5.480;2025-06-01T00:00:00;101509.22;;;19.86;89.15
79584;BME280;69053;57.338;18.700;2025-06-01T00:00:00;101568.38;;;10.49;59.09
69397;BME280;58327;50.23131480;18.94903690;2025-06-01T00:00:00;101637.15;;;14.91;100.00
73422;BME280;61637;47.760;-122.022;2025-06-01T00:00:00;102370.5697;;;11.7;92.0
64414;BME280;50736;52.47797570;13.38548270;2025-06-01T00:00:00;103084.99999999999;;;14.86;21.48
68320;BME280;55168;51.120;17.024;2025-06-01T00:00:00;;;;17.34;100.00
35856;BME280;21969;51.94795575;6.13189325;2025-06-01T00:00:00;-4766.97;;;-144.86;100.00
72226;BME280;60130;52.250;5.048;2025-06-01T00:00:00;632.5;;;20.0;66.3
83496;BME280;73431;40.794;43.836;2025-06-01T00:00:00;84800.53;;;12.83;50.66
9935;BME280;5006;41.828;23.478;2025-06-01T00:00:00;90740.94;;;16.03;100.00
12219;BME280;6172;42.646;23.344;2025-06-01T00:00:00;95048.97;;;11.97;100.00
7170;BME280;82381;42.656;23.312;2025-06-01T00:00:00;95054.69;;;11.33;100.00
18201;BME280;9226;47.858;9.594;2025-06-01T00:00:00;95383.38;;;20.30;58.73
21838;BME280;11081;45.946;6.140;2025-06-01T00:00:00;95450.53;;;21.69;100.00
86340;BME280;76996;49.08610797;9.49895740;2025-06-01T00:00:00;96290;;;16.6;87.7
49901;BME280;35789;48.414;12.768;2025-06-01T00:00:00;97070.0;;;17.1;100.0
23253;BME280;11795;47.054;15.408;2025-06-01T00:00:00;97530;;;19.6;67.6
69198;BME280;56311;50.298;8.514;2025-06-01T00:00:00;97690.0;;;15.3;100.0
90086;BME280;81924;46.94437300;17.69884200;2025-06-01T00:00:00;97993.79;;;19.64;64.24
64862;BME280;62652;42.274;-71.436;2025-06-01T00:00:00;98340.0;;;14.61111111111111;100.0
84995;BME280;77693;47.660;18.912;2025-06-01T00:00:00;98670.56;;;19.58;66.88
44902;BME280;30630;50.58330883;8.80372345;2025-06-01T00:00:00;99000;;;20.8;53
44908;BME280;30635;50.58337354;8.80380392;2025-06-01T00:00:00;99000;;;20.8;57
65546;BME280;52177;55.968;37.498;2025-06-01T00:00:00;99001.16;;;15.26;85.05
12722;BME280;6425;50.316;8.114;2025-06-01T00:00:00;990.2;;;15.5;92.2
77869;BME280;67231;59.144;37.934;2025-06-01T00:00:00;99424.28;;;14.36;70.38
89099;BME280;80577;50.20088000;14.82986560;2025-06-01T00:00:00;99636.53;;;16.85;87.04
92835;BME280;85035;48.782;2.236;2025-06-01T00:00:00;99780.72;;;19.65;56.99
79269;BME280;68714;48.586;7.772;2025-06-01T00:00:00;99840;;;20.1;80.0
4745;BME280;2386;42.138;24.746;2025-06-01T00:00:00;99921.81;;;18.30;100.00
12588;BME280;71589;51.44905763;7.34548956;2025-06-01T00:00:01;100127.44;;;18.63;62.57
79118;BME280;68523;51.336;-0.846;2025-06-01T00:00:01;100465.0;;;14.01;86.6
87648;BME280;78795;53.02742976;17.42190456;2025-06-01T00:00:01;100545.61;;;13.64;71.96
91430;BME280;83907;51.276;4.662;2025-06-01T00:00:01;101270.22;;;22.22;57.76
69667;BME280;66534;52.370;4.832;2025-06-01T00:00:01;101303.31;;;21.78;100.00
77242;BME280;78449;51.50730040;4.85814120;2025-06-01T00:00:01;101374.31;;;20.83;63.11
75875;BME280;80459;51.70847733;5.20282567;2025-06-01T00:00:01;101395.69;;;20.35;100.00
92512;BME280;84665;51.730;5.160;2025-06-01T00:00:01;101478.22;;;17.32;86.38
56359;BME280;42611;51.132;13.588;2025-06-01T00:00:01;1015.7;;;21.0;100
61571;BME280;47463;49.884;10.010;2025-06-01T00:00:01;101780;;;14.9;88
57274;BME280;43121;52.26440018;20.64309537;2025-06-01T00:00:01;101800.00;;;17.19;71.59
16857;BME280;8544;51.312;12.276;2025-06-01T00:00:01;5483.78;;;-142.99;100.00
76034;BME280;64731;51.42701621;5.56916177;2025-06-01T00:00:01;57429.75;;;-144.39;100.00
63493;BME280;49638;47.526;10.028;2025-06-01T00:00:01;92030.06;;;17.43;77.70
86923;BME280;77889;48.838;10.064;2025-06-01T00:00:01;96668.03;;;18.06;71.50
52315;BME280;38256;47.61043190;7.67247658;2025-06-01T00:00:01;97957.34;;;17.94;100.00
75549;BME280;64133;56.002;37.208;2025-06-01T00:00:01;98346.35;;;13.81;75.48
93645;BME280;86121;50.61884585;16.84828252;2025-06-01T00:00:01;98347.78;;;17.88;64.75
60970;BME280;46841;48.938;9.502;2025-06-01T00:00:01;98447.06;;;14.66;100.00
10658;BME280;5377;43.276;26.930;2025-06-01T00:00:01;99380.41;;;16.12;100.00
20079;BME280;10199;48.850;8.924;2025-06-01T00:00:02;97297.72;;;17.46;100.00
21644;BME280;10983;51.982;9.226;2025-06-01T00:00:02;99221.81;;;16.94;100.00
88839;BME280;80213;42.130;24.784;2025-06-01T00:00:03;100008.50;;;18.41;66.62
88325;BME280;79526;45.07643672;20.95663645;2025-06-01T00:00:03;100673.88;;;24.84;44.91
57100;BME280;43635;54.36269225;10.19361466;2025-06-01T00:00:03;101268.19;;;14.96;100.00
53856;BME280;39761;51.49416381;5.32476325;2025-06-01T00:00:03;101271.88;;;18.54;83.97
8398;BME280;4236;54.504;9.588;2025-06-01T00:00:03;101380.19;;;16.79;100.00
86383;BME280;77029;47.696;10.348;2025-06-01T00:00:03;93799.41;;;17.49;71.89
65127;BME280;51927;49.080;19.652;2025-06-01T00:00:03;94666.03;;;24.62;36.89
51532;BME280;38122;46.06611763;11.24516129;2025-06-01T00:00:03;96232.81;;;18.80;100.00
65897;BME280;52677;50.898;10.854;2025-06-01T00:00:03;98439.53;;;15.26;100.00
81997;BME280;71500;50.806;8.774;2025-06-01T00:00:03;99555.92;;;17.28;77.73
92440;BME280;84567;50.98127585;7.52471816;2025-06-01T00:00:03;99622.16;;;15.45;100.00
60343;BME280;46180;45.53606203;9.22630280;2025-06-01T00:00:04;100126.31;;;23.87;100.00
38038;BME280;23843;51.320;12.340;2025-06-01T00:00:04;100165.13;;;22.55;47.71
60817;BME280;51921;51.518;-3.188;2025-06-01T00:00:04;101113.14;;;12.45;100.00
61949;BME280;52521;51.54061880;5.47292430;2025-06-01T00:00:04;101235.56;;;20.55;100.00
59495;BME280;45307;52.19747800;5.98387900;2025-06-01T00:00:04;101270;;;27.18;50.64
49813;BME280;35706;52.100;5.056;2025-06-01T00:00:04;101353.28;;;22.82;100.00
84789;BME280;75022;50.788;20.620;2025-06-01T00:00:04;101898.25;;;14.33;91.27
64803;BME280;74268;50.89716640;13.43312874;2025-06-01T00:00:04;1171.2003;;;-142.3;0.0
23164;BME280;31429;42.674;23.350;2025-06-01T00:00:04;95142.72;;;13.22;100.00
77596;BME280;66754;50.16210020;8.01858455;2025-06-01T00:00:04;95370.25;;;14.94;100.00
69570;BME280;56781;42.292;23.146;2025-06-01T00:00:04;95948.50;;;9.85;100.00
81025;BME280;70500;50.292;6.666;2025-06-01T00:00:04;96440.91;;;26.47;46.78
93643;BME280;86113;49.382;11.358;2025-06-01T00:00:04;96730;;;17.8;72.7
71179;BME280;58878;47.42713680;9.67607785;2025-06-01T00:00:04;97424.81;;;19.22;100.00
27286;BME280;31796;48.88823665;9.11878944;2025-06-01T00:00:04;98047.03;;;15.91;60.39
81545;BME280;70990;50.618;7.346;2025-06-01T00:00:04;98114.50;;;18.39;100.00
63321;BME280;49449;48.800;9.534;2025-06-01T00:00:04;98576.69;;;18.42;44.13
81051;BME280;82652;59.22293656;39.93504719;2025-06-01T00:00:04;99243.56;;;15.17;66.04
68859;BME280;55864;49.238;8.092;2025-06-01T00:00:04;99303.63;;;20.77;93.49
76794;BME280;65745;50.278;18.192;2025-06-01T00:00:04;99819.16;;;15.18;100.00
81931;BME280;71395;43.488;1.472;2025-06-01T00:00:04;99908.22;;;22.87;67.03
86882;BME280;77717;51.22904389;17.10783988;2025-06-01T00:00:05;100009.47;;;15.41;94.75
40073;BME280;25774;52.256;9.356;2025-06-01T00:00:05;100093.13;;;24.95;99.64
46846;BME280;33947;46.804;134.252;2025-06-01T00:00:05;100128.63;;;27.10;54.41
75604;BME280;64187;51.010;13.792;2025-06-01T00:00:05;100236.19;;;20.30;78.86
12182;BME280;6154;51.550;12.138;2025-06-01T00:00:05;100370.72;;;22.74;60.33
30256;BME280;67493;60.03706452;30.36371112;2025-06-01T00:00:05;100649.00;;;10.53;65.07
26501;BME280;14176;44.09055483;22.85700173;2025-06-01T00:00:05;100756.25;;;18.07;100.00
13591;BME280;6866;50.778;7.206;2025-06-01T00:00:05;100767.25;;;17.34;89.24
85890;BME280;76412;52.34193233;20.89692430;2025-06-01T00:00:05;100869.61;;;17.06;61.14
25212;BME280;13155;52.67773772;13.27487683;2025-06-01T00:00:05;100990.38;;;18.84;65.63
58652;BME280;44419;51.35275850;5.61551303;2025-06-01T00:00:05;101033.59;;;15.00;100.00
89169;BME280;80676;54.776;9.434;2025-06-01T00:00:05;101034.75;;;16.82;67.56
83697;BME280;85624;54.484;18.538;2025-06-01T00:00:05;101059.22;;;21.20;55.95
12172;BME280;6149;52.418;13.668;2025-06-01T00:00:05;101118.28;;;16.74;100.00
92966;BME280;85219;51.418;5.458;2025-06-01T00:00:05;101228.19;;;20.3;100.0
48614;BME280;34408;51.426;5.444;2025-06-01T00:00:05;101231.91;;;21.62;63.68
61643;BME280;47551;52.506;4.678;2025-06-01T00:00:05;101284.06;;;34.20;42.13
59552;BME280;85198;53.32316330;13.86303510;2025-06-01T00:00:05;101540.91;;;13.50;89.49
62638;BME280;59536;53.06409170;14.25997640;2025-06-01T00:00:05;101542.84;;;18.15;58.51
61740;BME280;47645;45.288;12.038;2025-06-01T00:00:05;1017.8806347215509;;;20.366015625;100
63958;BME280;50134;52.29639880;5.97376700;2025-06-01T00:00:05;106300;;;-144.2;100
51287;BME280;37364;46.974;18.916;2025-06-01T00:00:05;154782.94;;;17.57;100.00
61963;BME280;47927;42.646;23.096;2025-06-01T00:00:05;-19362.38;;;12.11;74.10
51583;BME280;37668;44.36625637;7.49172091;2025-06-01T00:00:05;95240.44;;;17.33;96.05
83523;BME280;73646;51.23896110;8.65610540;2025-06-01T00:00:05;95971.13;;;17.49;85.77
65860;BME280;55117;47.53096614;8.77964526;2025-06-01T00:00:05;96253.00;;;19.29;100.00
72274;BME280;77240;48.692;8.948;2025-06-01T00:00:05;96828.97;;;16.62;89.66
47080;BME280;33067;49.296;14.470;2025-06-01T00:00:05;97043.85;;;18.81;48.44
49987;BME280;35878;34.134;-118.842;2025-06-01T00:00:05;97929.16;;;31.39;31.80
91520;BME280;83992;50.41048285;7.89385710;2025-06-01T00:00:05;98094.13;;;17.00;100.00
93517;BME280;85932;49.72280855;10.01054517;2025-06-01T00:00:05;981.4;;;18.5;43.6
33161;BME280;19522;45.656;11.302;2025-06-01T00:00:05;98661.38;;;18.59;100.00
24762;BME280;12865;51.934;10.330;2025-06-01T00:00:05;99013.66;;;19.55;100.00
87584;BME280;78549;51.558;9.938;2025-06-01T00:00:05;99724.56;;;28.22;100.00
88748;BME280;80342;48.150;17.070;2025-06-01T00:00:05;99877.19;;;23.92;43.12
37021;BME280;55975;51.32784263;19.37370032;2025-06-01T00:00:06;0.00;;;1.99;1.99
76717;BME280;65647;49.73927260;13.38991100;2025-06-01T00:00:06;0;;;unavailable;unavailable
15382;BME280;7789;51.364;12.358;2025-06-01T00:00:06;100206.03;;;21.59;89.15
89852;BME280;81508;50.576;7.416;2025-06-01T00:00:06;100237.56;;;17.77;88.54
71899;BME280;59768;50.12778855;8.72781115;2025-06-01T00:00:06;100343.16;;;17.71;100.00
88749;BME280;80341;47.760;18.120;2025-06-01T00:00:06;100514.78;;;23.97;46.07
93965;BME280;86442;49.590;8.640;2025-06-01T00:00:06;100621.72;;;18.17;91.42
60417;BME280;46263;44.726;10.396;2025-06-01T00:00:06;100625.06;;;25.82;75.37
50234;BME280;53434;52.18328037;20.79354107;2025-06-01T00:00:06;100644.84;;;13.36;80.07
51147;BME280;37207;53.060;18.726;2025-06-01T00:00:06;100925.91;;;13.07;82.82
93021;BME280;85308;52.236;7.354;2025-06-01T00:00:06;100957.88;;;18.28;82.38
73558;BME280;61829;53.286;10.434;2025-06-01T00:00:06;101099.78;;;19.85;73.82
62708;BME280;83382;51.62418805;5.88664541;2025-06-01T00:00:06;101116.84;;;19.98;100.00
58622;BME280;44389;51.578;5.456;2025-06-01T00:00:06;101161.25;;;16.94;100.00
24622;BME280;12764;52.26727100;4.62073267;2025-06-01T00:00:06;101224.25;;;22.70;
76424;BME280;65257;52.104;4.268;2025-06-01T00:00:06;101235.78;;;18.42;62.17
80627;BME280;69982;51.758;5.784;2025-06-01T00:00:06;101253.06;;;20.77;79.45
53808;BME280;39712;51.51009465;5.39810121;2025-06-01T00:00:06;101283.47;;;20.29;77.23
26268;BME280;14258;51.81491617;5.72604150;2025-06-01T00:00:06;101293.97;;;22.27;92.68
89560;BME280;81207;52.33675690;5.52152930;2025-06-01T00:00:06;101428.00;;;19.79;100.00
91591;BME280;84061;51.860;4.990;2025-06-01T00:00:06;101466.72;;;18.54;69.77
70521;BME280;58442;52.716;23.560;2025-06-01T00:00:06;101557.38;;;13.73;62.10
77639;BME280;66802;52.574;14.398;2025-06-01T00:00:06;101641.91;;;16.02;92.38
55550;BME280;41397;49.972;18.944;2025-06-01T00:00:06;102039.27;;;22.44;64.13
20455;BME280;10386;54.314;10.022;2025-06-01T00:00:06;102296.00;;;15.31;100.00
37648;BME280;23490;53.656;10.076;2025-06-01T00:00:06;-10956.34;;;-145.95;100.00
58805;BME280;44577;52.16523256;8.51346284;2025-06-01T00:00:06;-17125.47;;;-148.88;35.21
54381;BME280;40282;52.33931691;13.62708360;2025-06-01T00:00:06;-19420.81;;;-147.57;100.00
79525;BME280;68973;46.08057824;11.20677352;2025-06-01T00:00:06;-19619.72;;;14.73;100.00
93226;BME280;85543;56.110;10.150;2025-06-01T00:00:06;65239.69;;;13.66;100.00
24610;BME280;77159;47.890;11.694;2025-06-01T00:00:06;93977.16;;;27.01;42.04
7170;BME280;82381;42.656;23.312;2025-06-01T00:00:06;95054.69;;;11.33;100.00
14067;BME280;7108;42.684;23.350;2025-06-01T00:00:06;95798.94;;;15.19;100.00
77469;BME280;68840;50.272;12.818;2025-06-01T00:00:06;96093;;;18.4;70.6
55050;BME280;40946;49.15302235;11.02357453;2025-06-01T00:00:06;97448.75;;;19.28;92.10
50790;BME280;37287;47.554;7.844;2025-06-01T00:00:06;98038.69;;;18.45;100.00
75476;BME280;64055;49.43013370;11.09449730;2025-06-01T00:00:06;98139.97;;;16.99;100.00
82949;BME280;84689;50.236;18.876;2025-06-01T00:00:06;98863.87;;;16.98;75.24
61983;BME280;51978;50.07818090;19.96903991;2025-06-01T00:00:06;99225.58;;;15.44;96.97
79360;BME280;68828;48.96099090;9.01562520;2025-06-01T00:00:06;99240.69;;;16.31;100.00
81232;BME280;70703;55.652;37.710;2025-06-01T00:00:06;99492.03;;;18.68;59.92
73870;BME280;64924;42.140;24.762;2025-06-01T00:00:06;99950.53;;;20.45;67.44
26823;BME280;86206;51.936;8.872;2025-06-01T00:00:07;100032.38;;;22.82;68.75
8229;BME280;66117;50.11796016;8.71338817;2025-06-01T00:00:07;100043.00;;;18.06;100.00
54459;BME280;40368;49.350;8.152;2025-06-01T00:00:07;1000.9;;;24.8;53.42
79258;BME280;68695;54.37201650;18.47975168;2025-06-01T00:00:07;100152.28;;;13.59;100.00
74194;BME280;62552;51.11816836;13.60522664;2025-06-01T00:00:07;100346.69;;;20.03;100.00
84318;BME280;74497;51.654;14.238;2025-06-01T00:00:07;100506.59;;;19.05;100.00
91510;BME280;83975;47.874;21.720;2025-06-01T00:00:07;100576.72;;;15.99;79.88
43071;BME280;36278;47.952;21.714;2025-06-01T00:00:07;100581.13;;;17.15;100.00
93834;BME280;86306;50.986;5.826;2025-06-01T00:00:07;100658.09;;;22.14;68.97
41912;BME280;27591;0.00000000;0.00000000;2025-06-01T00:00:07;100724.88;;;24.26;31.71
91059;BME280;83399;44.51962752;25.80155038;2025-06-01T00:00:07;100785.69;;;13.70;87.57
75543;BME280;64129;53.508;10.476;2025-06-01T00:00:07;100929.91;;;17.99;100.00
92542;BME280;84693;52.248;16.846;2025-06-01T00:00:07;101017.78;;;16.66;72.89
41106;BME280;74159;52.530;13.188;2025-06-01T00:00:07;101080.47;;;24.16;46.66
42105;BME280;82483;51.472;5.712;2025-06-01T00:00:07;101119.09;;;21.03;67.66
86087;BME280;76695;52.48616332;13.43436956;2025-06-01T00:00:07;101212.81;;;20.06;56.59
50684;BME280;36654;45.042;38.994;2025-06-01T00:00:07;101223.59;;;15.87;75.93
93905;BME280;86390;52.394;5.312;2025-06-01T00:00:07;101224.31;;;19.58;61.31
88547;BME280;79815;43.224;27.996;2025-06-01T00:00:07;101344.25;;;17.47;74.24
93156;BME280;85465;52.06723892;5.12996346;2025-06-01T00:00:07;101423.81;;;21.12;73.50
87712;BME280;78776;52.176;5.180;2025-06-01T00:00:07;101432.91;;;20.00;100.00
86576;BME280;77216;53.732;9.462;2025-06-01T00:00:07;101463.38;;;20.70;66.11
57538;BME280;79378;42.53233494;27.45438414;2025-06-01T00:00:07;101542.03;;;15.50;72.52
38335;BME280;24132;52.13750000;20.80970000;2025-06-01T00:00:07;101713.45;;;15.11;84.47
39287;BME280;39406;-35.006;138.538;2025-06-01T00:00:07;1021;;;13.5;66
57388;BME280;43215;51.20395599;17.37937063;2025-06-01T00:00:07;117084.17;;;-144.77;100.00
37134;BME280;82749;51.34220440;5.43156930;2025-06-01T00:00:07;125908.03;;;-141.65;0.00
63630;BME280;49775;52.07065652;4.52245384;2025-06-01T00:00:07;48650.56;;;-146.27;75.54
79559;BME280;69015;48.06720870;20.63140960;2025-06-01T00:00:07;58281.50;;;-141.67;100.00
84667;BME280;74896;42.518;23.712;2025-06-01T00:00:07;92508.06;;;11.46;92.56
69411;BME280;86532;48.464;9.442;2025-06-01T00:00:07;93542.97;;;16.24;100.00
12475;BME280;6302;42.624;23.334;2025-06-01T00:00:07;93744.00;;;13.92;100.00
50468;BME280;37716;42.54152918;23.49761653;2025-06-01T00:00:07;93984.84;;;13.32;100.00
92589;BME280;84754;42.612;23.370;2025-06-01T00:00:07;94207.63;;;10.74;84.47
61128;BME280;47013;42.664;23.242;2025-06-01T00:00:07;94429.50;;;13.37;100.00
89882;BME280;81529;42.608;23.498;2025-06-01T00:00:07;94565.06;;;13.43;67.10
92841;BME280;85042;42.676;23.354;2025-06-01T00:00:07;95332.09;;;17.78;64.85
40045;BME280;25735;48.122;11.422;2025-06-01T00:00:07;95540.38;;;18.50;59.28
24584;BME280;12741;42.72694123;23.33974584;2025-06-01T00:00:07;95928.22;;;16.65;100.00
16834;BME280;8533;48.426;10.868;2025-06-01T00:00:07;96229.41;;;16.60;100.00
79523;BME280;68972;50.19556039;6.45381600;2025-06-01T00:00:07;96458.88;;;18.44;100.00
57644;BME280;43474;46.510;6.686;2025-06-01T00:00:07;96653.13;;;19.48;100.00
42049;BME280;62382;48.68531664;9.00551140;2025-06-01T00:00:07;96745.95;;;16.27;75.81
71919;BME280;59794;42.41506000;12.11338300;2025-06-01T00:00:07;97602.31;;;24.09;43.73
89463;BME280;81070;45.648;4.232;2025-06-01T00:00:07;97903.66;;;16.18;100.00
93517;BME280;85932;49.72280855;10.01054517;2025-06-01T00:00:07;981.4;;;18.5;43.6
74077;BME280;62436;48.07963482;16.23800755;2025-06-01T00:00:07;98548.44;;;15.88;83.03
75247;BME280;63844;50.042;19.224;2025-06-01T00:00:07;98641.59;;;14.61;100.00
34566;BME280;20803;42.676;26.348;2025-06-01T00:00:07;98929.88;;;19.27;77.88
69988;BME280;57330;48.47211180;7.99069188;2025-06-01T00:00:07;99034.75;;;21.18;100.00
73692;BME280;61996;49.910;35.562;2025-06-01T00:00:07;99045.16;;;24.27;46.15
70223;BME280;58336;49.59460690;17.22157810;2025-06-01T00:00:07;99096.81;;;15.74;87.85
94013;BME280;86502;48.80542940;9.21976460;2025-06-01T00:00:07;99171.22;;;21.71;63.42
45223;BME280;37646;48.18076211;15.25840849;2025-06-01T00:00:07;99187.03;;;14.09;100.00
88618;BME280;79867;0.000;0.000;2025-06-01T00:00:07;99206.00;;;20.25;41.51
72855;BME280;60991;51.278;22.550;2025-06-01T00:00:07;99284.88;;;20.34;60.56
92716;BME280;85609;47.006;17.446;2025-06-01T00:00:07;99407.34;;;17.00;73.25
90005;BME280;81699;49.206;7.944;2025-06-01T00:00:07;99589.31;;;16.91;100.00
42003;BME280;82131;50.506;30.832;2025-06-01T00:00:07;99685.17;;;17.85;100.00
86279;BME280;76943;49.872;8.658;2025-06-01T00:00:07;99889.63;;;21.04;61.00
64616;BME280;51027;42.162;24.754;2025-06-01T00:00:07;99979.53;;;15.04;100.00
78841;BME280;68379;47.190;27.558;2025-06-01T00:00:08;100051.98;;;13.98;100.00
59272;BME280;45043;51.068;7.026;2025-06-01T00:00:08;100184.56;;;19.08;66.87
91035;BME280;83364;47.28727720;19.53194618;2025-06-01T00:00:08;100215.69;;;14.22;100.00
83924;BME280;73951;52.29492745;10.53761333;2025-06-01T00:00:08;100323.34;;;17.97;100.00
33697;BME280;20031;43.416;23.232;2025-06-01T00:00:08;100330.69;;;15.81;nan
86753;BME280;77513;50.83230274;4.18311149;2025-06-01T00:00:08;100443.13;;;21.97;49.63
89757;BME280;81438;0.000;0.000;2025-06-01T00:00:08;100511.69;;;21.41;55.71
4576;BME280;2300;51.874;8.430;2025-06-01T00:00:08;100556.34;;;17.39;98.97
67333;BME280;54224;52.44159590;10.28632379;2025-06-01T00:00:08;100741.22;;;23.61;52.38
75192;BME280;63771;52.580;9.734;2025-06-01T00:00:08;100885.47;;;18.24;96.39
93361;BME280;85705;53.240;6.580;2025-06-01T00:00:08;101306.84;;;18.09;73.18
71252;BME280;59013;52.12650940;5.06584970;2025-06-01T00:00:08;101358.22;;;23.32;56.29
51145;BME280;84490;51.806;4.978;2025-06-01T00:00:08;101450.88;;;17.99;74.39
77554;BME280;66698;51.69597700;5.22384540;2025-06-01T00:00:08;101459.84;;;24.78;58.06
49030;BME280;43337;52.070;4.508;2025-06-01T00:00:08;101471.63;;;19.71;100.00
89810;BME280;81477;52.516;5.446;2025-06-01T00:00:08;101489.38;;;19.71;74.60
59873;BME280;50750;51.636;4.948;2025-06-01T00:00:08;101516.95;;;22.34;57.68
89157;BME280;80639;53.092;8.806;2025-06-01T00:00:08;56372.84;;;-140.13;52.37
77702;BME280;66868;42.708;23.404;2025-06-01T00:00:08;65604.22;;;13.67;96.12
91131;BME280;83572;44.75700775;20.58763162;2025-06-01T00:00:08;67175.31;;;-143.55;100.00
55671;BME280;86409;47.19546620;8.71082150;2025-06-01T00:00:08;70692.63;;;18.89;100.00
27060;BME280;14607;42.66943100;23.23335090;2025-06-01T00:00:08;94035.00;;;10.09;100.00
13209;BME280;6669;42.678;23.332;2025-06-01T00:00:08;94963.31;;;13.49;100.00
55568;BME280;54647;42.66504812;23.37194980;2025-06-01T00:00:08;95414.28;;;15.92;72.12
85195;BME280;75720;42.69830300;23.34167900;2025-06-01T00:00:08;95864.97;;;11.72;100.00
89968;BME280;82032;48.38205865;10.86307369;2025-06-01T00:00:08;96375.16;;;18.54;nan
87651;BME280;78662;43.14360766;20.51883800;2025-06-01T00:00:08;96605.41;;;14.35;57.89
89010;BME280;80445;48.90210590;9.41047999;2025-06-01T00:00:08;97880.78;;;17.03;65.97
50302;BME280;36550;50.472;19.744;2025-06-01T00:00:08;98228.94;;;14.89;88.35
66693;BME280;53593;50.03070230;14.51126170;2025-06-01T00:00:08;98238.69;;;15.59;89.80
84779;BME280;75010;50.866;20.620;2025-06-01T00:00:08;989;;;18.7;65
73338;BME280;61575;49.908;35.556;2025-06-01T00:00:08;98961.16;;;16.77;66.58
75089;BME280;63673;49.928;8.150;2025-06-01T00:00:08;990.55;;;15.73;100
90793;BME280;82904;43.306;12.326;2025-06-01T00:00:08;99111.84;;;20.12;54.33
59939;BME280;45801;51.810;19.444;2025-06-01T00:00:08;99208.95;;;16.55;75.82
91318;BME280;83741;41.94023223;25.54429650;2025-06-01T00:00:08;99338.72;;;16.17;67.14
71126;BME280;58785;55.566;38.058;2025-06-01T00:00:08;99546.78;;;18.07;85.88
75204;BME280;63785;48.22760935;16.41779810;2025-06-01T00:00:08;99675.41;;;23.88;37.79
71147;BME280;58814;42.11723543;24.73331022;2025-06-01T00:00:08;99783.53;;;27.04;35.49
21960;BME280;11144;43.030;25.108;2025-06-01T00:00:08;99811.53;;;12.00;89.91
55070;BME280;40967;52.070;8.596;2025-06-01T00:00:09;100312.19;;;19.82;88.93
66215;BME280;86667;53.346;-6.536;2025-06-01T00:00:09;100401.44;;;21.67;57.35
68309;BME280;55155;51.10455468;17.08688110;2025-06-01T00:00:09;1004.0;;;21.1;61.8
91560;BME280;84028;46.30645339;18.49128807;2025-06-01T00:00:09;100413.75;;;15.68;79.49
68219;BME280;56188;47.50854210;19.02340320;2025-06-01T00:00:09;100755.47;;;22.40;54.54
78105;BME280;67349;52.24788880;21.06053481;2025-06-01T00:00:09;100784.39;;;16.64;100.00
90362;BME280;82219;46.688;18.956;2025-06-01T00:00:09;100810.87;;;18.32;77.16
64906;BME280;51408;43.31204058;27.16140568;2025-06-01T00:00:09;100831.09;;;15.38;87.25
93076;BME280;85393;50.914;6.908;2025-06-01T00:00:09;100876.84;;;17.08;95.17
3572;BME280;7958;53.024;12.970;2025-06-01T00:00:09;100888.34;;;20.07;60.38
67931;BME280;63902;52.000;5.954;2025-06-01T00:00:09;100908.25;;;18.47;99.68
75298;BME280;63896;45.990;18.688;2025-06-01T00:00:09;101025.16;;;16.38;100.00
78435;BME280;67731;51.47251040;-2.59912198;2025-06-01T00:00:09;101034.56;;;28.62;11.51
88153;BME280;79283;52.34112525;13.40416440;2025-06-01T00:00:09;101095.81;;;20.96;61.47
70513;BME280;58047;52.18874280;5.94573720;2025-06-01T00:00:09;101125.56;;;20.14;77.27
26443;BME280;73154;52.29626500;6.80555010;2025-06-01T00:00:09;101189.25;;;17.90;100.00
58799;BME280;44571;51.61178250;5.44115310;2025-06-01T00:00:09;101224.28;;;17.83;100.00
51355;BME280;37437;52.50084329;13.43152642;2025-06-01T00:00:09;101261.00;;;18.23;81.82
40560;BME280;26253;51.80673411;4.71691132;2025-06-01T00:00:09;101339.31;;;20.55;72.74
72598;BME280;60640;52.08937720;5.01695150;2025-06-01T00:00:09;101345.00;;;24.37;88.35
92434;BME280;84562;51.73242414;5.18866282;2025-06-01T00:00:09;101403.19;;;19.00;74.96
89664;BME280;81344;52.37355192;5.23917139;2025-06-01T00:00:09;101473.19;;;20.86;60.60
91526;BME280;83998;51.690;5.210;2025-06-01T00:00:09;101500.75;;;21.12;70.06
84188;BME280;77358;45.648;13.764;2025-06-01T00:00:09;101810.44;;;21.20;63.81
35806;BME280;21925;44.608;11.580;2025-06-01T00:00:09;101876.25;;;21.82;100.00
43707;BME280;61348;53.392;-6.248;2025-06-01T00:00:09;-13127.00;;;12.13;69.26
82171;BME280;71755;48.038;14.346;2025-06-01T00:00:09;65531.03;;;-144.83;100.00
11011;BME280;5558;42.702;23.178;2025-06-01T00:00:09;72455.28;;;-141.07;100.00
24440;BME280;12618;54.386;18.394;2025-06-01T00:00:09;76150.89;;;-142.07;83.03
78685;BME280;68002;52.310;6.990;2025-06-01T00:00:09;76193.13;;;-140.76;74.30
82256;BME280;74246;42.044;-91.642;2025-06-01T00:00:09;86102.44;;;34.04;9.65
55838;BME280;42085;42.85005600;74.63297009;2025-06-01T00:00:09;92272.13;;;21.48;33.07
65127;BME280;51927;49.080;19.652;2025-06-01T00:00:09;94658.00;;;24.62;36.79
74083;BME280;62439;50.49033365;6.61959321;2025-06-01T00:00:09;95656.56;;;16.05;100.00
91057;BME280;83398;47.04023405;7.43096881;2025-06-01T00:00:09;95744.00;;;18.61;72.38
92498;BME280;84657;49.350;16.012;2025-06-01T00:00:09;96401.31;;;14.59;70.19
93876;BME280;86359;48.036;15.780;2025-06-01T00:00:09;96838.69;;;12.15;82.89
55263;BME280;41125;48.752;9.168;2025-06-01T00:00:09;96989.38;;;16.93;100.00
47082;BME280;33066;49.296;14.470;2025-06-01T00:00:09;97023.04;;;21.86;42.42
17209;BME280;8720;48.488;9.202;2025-06-01T00:00:09;97149.53;;;21.59;66.29
89893;BME280;81544;49.16533136;16.30514324;2025-06-01T00:00:09;97240.91;;;12.37;100.00
50174;BME280;36078;44.09917567;3.06567103;2025-06-01T00:00:09;97499.44;;;20.88;64.72
84683;BME280;74905;44.124;18.116;2025-06-01T00:00:09;97671.47;;;12.54;100.00
46047;BME280;31782;50.31483180;11.20698428;2025-06-01T00:00:09;97694.22;;;18.99;64.29
66880;BME280;72009;51.392;10.234;2025-06-01T00:00:09;98124.16;;;17.09;95.45
73429;BME280;61643;49.564;17.412;2025-06-01T00:00:09;98277.88;;;13.59;100.00
15278;BME280;23577;48.92011450;8.75976000;2025-06-01T00:00:09;98487.56;;;19.13;70.75
78741;BME280;68062;48.72505025;9.37001397;2025-06-01T00:00:09;98846.41;;;17.43;100.00
74317;BME280;62736;55.88450029;37.54173649;2025-06-01T00:00:09;98846.44;;;17.78;79.91
45369;BME280;51342;55.250;37.668;2025-06-01T00:00:09;98868.63;;;15.86;77.55
6506;BME280;3286;49.858;8.768;2025-06-01T00:00:09;99115.53;;;20.41;61.77
63500;BME280;49654;51.142;14.924;2025-06-01T00:00:09;99140.84;;;21.80;66.25
61906;BME280;47863;55.766;37.672;2025-06-01T00:00:09;99145.28;;;18.72;55.97
43115;BME280;28727;50.068;14.452;2025-06-01T00:00:09;99213.78;;;18.95;84.03
42859;BME280;28505;56.970;40.998;2025-06-01T00:00:09;99297.94;;;15.21;95.05
7966;BME280;4028;43.272;26.932;2025-06-01T00:00:09;99490.47;;;15.80;74.10
60642;BME280;46837;52.446;-1.930;2025-06-01T00:00:09;99922.80;;;15.76;70.26
28027;BME280;15344;52.342;-1.290;2025-06-01T00:00:09;99968.56;;;18.36;91.44
38806;BME280;25635;51.146;17.162;2025-06-01T00:00:10;100149.11;;;15.82;89.46
3598;BME280;79145;52.01519924;8.71452659;2025-06-01T00:00:10;100214.16;;;20.69;63.39
46583;BME280;32309;48.858;8.252;2025-06-01T00:00:10;100314.88;;;19.62;98.87
93886;BME280;86365;53.11352254;9.80231523;2025-06-01T00:00:10;100414.13;;;16.45;79.86
77797;BME280;66986;51.99092235;21.20941758;2025-06-01T00:00:10;100518.73;;;15.74;95.11
86602;BME280;77266;52.284;20.890;2025-06-01T00:00:10;100553.91;;;23.93;46.16
92804;BME280;84988;47.69617047;17.59477347;2025-06-01T00:00:10;100574.23;;;17.96;75.06
80103;BME280;69865;47.648;19.030;2025-06-01T00:00:10;100584.22;;;15.64;98.38
76994;BME280;66749;47.406;18.822;2025-06-01T00:00:10;100604.38;;;16.29;87.80
90658;BME280;82717;51.910;7.662;2025-06-01T00:00:10;100746.13;;;17.81;96.39
75701;BME280;64321;48.796;44.740;2025-06-01T00:00:10;100876.75;;;21.46;100.00
5356;BME280;70449;52.486;13.386;2025-06-01T00:00:10;100889.03;;;24.03;100.00
93268;BME280;85588;50.976;7.036;2025-06-01T00:00:10;100905.06;;;17.10;90.46
65257;BME280;51862;44.50752800;26.01913900;2025-06-01T00:00:10;100943.91;;;13.82;100.00
85649;BME280;76075;52.476;13.124;2025-06-01T00:00:10;101086.94;;;21.90;58.97
78845;BME280;68195;50.854;2.860;2025-06-01T00:00:10;101331.41;;;23.67;55.35
89571;BME280;81231;51.718;5.372;2025-06-01T00:00:10;101382.34;;;18.65;93.95
92982;BME280;85234;53.046;8.656;2025-06-01T00:00:10;101388.19;;;17.71;77.02
49063;BME280;34876;51.464;-0.150;2025-06-01T00:00:10;101402.53;;;23.31;47.25
66736;BME280;78796;38.216;15.234;2025-06-01T00:00:10;101813.50;;;23.91;44.36
81905;BME280;71370;-33.792;151.032;2025-06-01T00:00:10;102151.21;;;14.63;73.53
81352;BME280;85045;52.184;13.422;2025-06-01T00:00:10;111409.44;;;-143.74;66.99
44401;BME280;54344;53.13682226;8.18473935;2025-06-01T00:00:10;52333.72;;;-146.25;100.00
90873;BME280;83034;40.20348944;44.52628970;2025-06-01T00:00:10;88165.63;;;16.97;40.28
31337;BME280;22846;42.654;23.314;2025-06-01T00:00:10;94961.22;;;25.56;56.17
77871;BME280;67067;46.850;7.578;2025-06-01T00:00:10;95602.03;;;16.92;53.46
91109;BME280;83999;42.69068400;23.34119900;2025-06-01T00:00:10;95792.16;;;14.72;66.85
7824;BME280;3957;48.61947800;9.05303100;2025-06-01T00:00:10;96339.34;;;17.92;100.00
88242;BME280;78969;49.608;15.570;2025-06-01T00:00:10;96817.84;;;13.26;100.00
39769;BME280;38939;47.824;14.642;2025-06-01T00:00:10;97022.75;;;16.55;77.78
1401;BME280;46518;48.842;8.926;2025-06-01T00:00:10;97142.59;;;19.82;100.00
41703;BME280;861;48.808;9.006;2025-06-01T00:00:10;97153.97;;;19.70;79.21
70217;BME280;65567;55.684;37.570;2025-06-01T00:00:10;98414.25;;;20.96;44.38
82753;BME280;72489;43.27013855;27.93838828;2025-06-01T00:00:10;98457.84;;;12.13;100.00
81379;BME280;70830;42.290;-71.354;2025-06-01T00:00:10;98495.91;;;15.84;66.60
21236;BME280;10775;42.678;26.324;2025-06-01T00:00:10;98891.53;;;16.34;91.60
37132;BME280;23035;50.032;21.978;2025-06-01T00:00:10;99163.06;;;17.02;85.46
56480;BME280;42383;49.14050430;8.91289204;2025-06-01T00:00:10;99411.66;;;21.04;100.00
12897;BME280;6516;35.028;32.372;2025-06-01T00:00:10;99672.66;;;15.70;100.00
64628;BME280;85891;50.960;0.314;2025-06-01T00:00:10;99805.18;;;12.32;68.67
28306;BME280;7516;43.570;1.448;2025-06-01T00:00:10;99848.16;;;24.63;86.21
65629;BME280;52317;50.66131340;14.03535457;2025-06-01T00:00:10;99958.47;;;22.08;66.79
53659;BME280;41524;35.624;139.698;2025-06-01T00:00:11;100149.00;;;16.58;51.19
84122;BME280;74217;51.106;17.084;2025-06-01T00:00:11;100150.22;;;13.35;98.53
63700;BME280;49845;47.130;142.766;2025-06-01T00:00:11;100335.78;;;8.67;100.00
15263;BME280;7733;51.554;13.590;2025-06-01T00:00:11;100345.78;;;23.28;79.55
29935;BME280;19905;53.370;-6.314;2025-06-01T00:00:11;100555.91;;;11.78;65.87
86308;BME280;76967;43.89940208;22.27423847;2025-06-01T00:00:11;100559.09;;;17.78;61.99
33227;BME280;19588;52.17151493;20.78205585;2025-06-01T00:00:11;100766.34;;;19.18;46.11
22872;BME280;11603;44.910;8.630;2025-06-01T00:00:11;100778.50;;;23.59;90.31
87658;BME280;78667;44.42347561;26.14607692;2025-06-01T00:00:11;100936.66;;;17.71;100.00
53619;BME280;68717;53.040;18.488;2025-06-01T00:00:11;101462.34;;;12.76;100.00
59552;BME280;85198;53.32316330;13.86303510;2025-06-01T00:00:11;101539.00;;;13.51;89.34
6464;BME280;3265;42.694;23.282;2025-06-01T00:00:11;50760.13;;;-143.21;86.01
10940;BME280;5522;42.696;23.494;2025-06-01T00:00:11;53839.75;;;-139.68;100.00
36960;BME280;44785;47.23411950;9.59026820;2025-06-01T00:00:11;59042.03;;;0.00;0.00
82309;BME280;71917;51.93059351;4.48774874;2025-06-01T00:00:11;61349.41;;;-144.83;0.00
30226;BME280;59777;44.56675327;6.50074661;2025-06-01T00:00:11;92271.47;;;17.46;42.95
71107;BME280;58763;47.982;11.516;2025-06-01T00:00:11;94259.78;;;18.92;73.42
9235;BME280;4652;42.716;23.218;2025-06-01T00:00:11;95184.78;;;10.47;100.00
55681;BME280;86612;47.19546620;8.71082150;2025-06-01T00:00:11;95501.44;;;17.23;100.00
85458;BME280;75848;42.706;23.292;2025-06-01T00:00:11;95517.06;;;13.55;88.98
48041;BME280;33815;48.386;11.738;2025-06-01T00:00:11;96566.63;;;16.52;100.00
60479;BME280;46321;48.398;11.754;2025-06-01T00:00:11;96610.13;;;20.21;nan
68628;BME280;55611;48.602;9.490;2025-06-01T00:00:11;97050;;;20.5;52.5
50824;BME280;36799;50.91090200;20.66410200;2025-06-01T00:00:11;97752.0;;;25.0;57
92984;BME280;85242;42.902;23.800;2025-06-01T00:00:11;97824.53;;;22.15;48.85
92552;BME280;84700;50.61884585;16.84828252;2025-06-01T00:00:11;98081.66;;;18.27;64.04
78986;BME280;68384;55.750;48.746;2025-06-01T00:00:11;98688.59;;;20.74;51.18
28456;BME280;15682;56.742;38.866;2025-06-01T00:00:11;98750.0;;;14.6;100.0
75206;BME280;63786;55.17894410;61.29291799;2025-06-01T00:00:11;98756.38;;;20.73;49.17
80116;BME280;69423;47.608;19.366;2025-06-01T00:00:11;99062.50;;;16.52;100.00
71195;BME280;58908;51.426;7.714;2025-06-01T00:00:11;99341.34;;;16.21;100.00
58662;BME280;44432;49.786;22.760;2025-06-01T00:00:11;99477.36;;;14.14;95.42
77096;BME280;66034;50.42740385;14.24833238;2025-06-01T00:00:11;99644.56;;;20.65;100.00
86202;BME280;76853;48.008;20.694;2025-06-01T00:00:11;99826.28;;;13.96;92.30
74893;BME280;63446;56.272;43.922;2025-06-01T00:00:11;99941.50;;;21.23;66.19
74794;BME280;63320;50.768;6.724;2025-06-01T00:00:11;99971.78;;;19.81;97.16
84528;BME280;74768;51.152;6.196;2025-06-01T00:00:12;100390.25;;;17.10;100.00
50234;BME280;53434;52.18328037;20.79354107;2025-06-01T00:00:12;100633.91;;;13.29;79.91
20368;BME280;84637;52.368;9.754;2025-06-01T00:00:12;100713.97;;;18.98;64.09
23223;BME280;11780;13.904;100.620;2025-06-01T00:00:12;100938.25;;;29.49;85.46
51403;BME280;37489;51.51054665;6.96526396;2025-06-01T00:00:12;101040;;;17.82;100
58243;BME280;50118;53.232;8.252;2025-06-01T00:00:12;101147.66;;;15.76;100.00
58604;BME280;44787;51.55692980;5.44981160;2025-06-01T00:00:12;101209.84;;;19.00;100.00
61554;BME280;47425;51.976;5.326;2025-06-01T00:00:12;101212.38;;;22.27;59.20
39954;BME280;25631;51.516;-0.470;2025-06-01T00:00:12;101259.62;;;20.20;33.15
87022;BME280;77883;45.67469879;12.05567658;2025-06-01T00:00:12;101331.13;;;20.72;87.70
90304;BME280;82125;50.21998925;19.25659209;2025-06-01T00:00:12;101680.66;;;15.47;90.19
80118;BME280;69424;48.770;-1.564;2025-06-01T00:00:12;101852.23;;;16.95;88.60
77583;BME280;66726;52.388;9.986;2025-06-01T00:00:12;52932.22;;;-143.08;81.79
2268;BME280;11052;43.338;25.502;2025-06-01T00:00:12;65820.94;;;13.38;100.00
56334;BME280;42240;53.626;55.886;2025-06-01T00:00:12;73384.38;;;-145.10;33.25
26913;BME280;14479;52.50819840;13.46272320;2025-06-01T00:00:12;76261.31;;;-146.99;78.53
7170;BME280;82381;42.656;23.312;2025-06-01T00:00:12;95053.91;;;11.32;100.00
52347;BME280;50567;45.49580565;6.50870740;2025-06-01T00:00:12;96167.38;;;17.95;100.00
47366;BME280;33105;47.964;7.982;2025-06-01T00:00:12;96767.66;;;19.28;100.00
20015;BME280;61787;42.022;23.078;2025-06-01T00:00:12;97255.75;;;15.70;62.40
85928;BME280;76685;49.582;18.342;2025-06-01T00:00:12;97374.64;;;13.20;95.75
31239;BME280;17871;31.584;74.450;2025-06-01T00:00:12;97565.97;;;26.36;46.94
9474;BME280;8865;47.636;7.692;2025-06-01T00:00:12;98433.25;;;20.40;100.00
61546;BME280;47416;43.60372600;27.09941400;2025-06-01T00:00:12;98852.06;;;11.57;97.12
59471;BME280;63863;50.29493895;18.64626914;2025-06-01T00:00:12;98987.83;;;17.90;99.30
45054;BME280;55291;50.79982277;7.29717761;2025-06-01T00:00:12;99210;;;20.21;100
41670;BME280;27357;51.00004530;12.77930099;2025-06-01T00:00:12;99310.63;;;17.94;94.71
47815;BME280;33579;50.058;18.130;2025-06-01T00:00:12;99345.16;;;17.71;100.00
64076;BME280;50327;51.328;12.324;2025-06-01T00:00:13;100240.47;;;22.27;52.32
72892;BME280;61032;50.782;6.818;2025-06-01T00:00:13;100300.19;;;18.52;100.00
46015;BME280;36844;51.898;-0.874;2025-06-01T00:00:13;100308.59;;;21.22;
44683;BME280;30396;53.18694990;18.08632090;2025-06-01T00:00:13;100789.67;;;15.28;57.28
829;BME280;396;52.558;13.188;2025-06-01T00:00:13;101024.19;;;18.06;100.00
46464;BME280;32161;48.148;-1.554;2025-06-01T00:00:13;101142.41;;;19.11;100.00
13478;BME280;12598;62.382;17.344;2025-06-01T00:00:13;101145.69;;;23.09;25.31
57646;BME280;81621;51.61845021;5.43727756;2025-06-01T00:00:13;101146.09;;;21.47;82.04
73341;BME280;61578;52.002;5.468;2025-06-01T00:00:13;101216.38;;;23.33;76.79
48968;BME280;46511;53.148;8.204;2025-06-01T00:00:13;101253.19;;;21.59;100.00
63074;BME280;71883;51.95568484;-7.84772837;2025-06-01T00:00:13;101263.75;;;20.42;39.55
58873;BME280;44647;51.49052239;5.39237469;2025-06-01T00:00:13;101300.78;;;18.48;88.90
56799;BME280;78266;49.308;-123.060;2025-06-01T00:00:13;101512.28;;;18.68;51.43
80531;BME280;69848;52.11692900;4.44415100;2025-06-01T00:00:13;-17675.94;;;17.86;99.20
54381;BME280;40282;52.33931691;13.62708360;2025-06-01T00:00:13;-19420.81;;;-147.57;100.00
91570;BME280;84039;42.54085094;23.50361717;2025-06-01T00:00:13;93791.06;;;13.77;100.00
6393;BME280;3229;42.674;23.282;2025-06-01T00:00:13;94990.13;;;15.52;96.34
90440;BME280;82440;42.664;23.344;2025-06-01T00:00:13;95355.63;;;13.01;74.44
35250;BME280;21381;42.69908679;23.34191859;2025-06-01T00:00:13;95623.94;;;15.26;100.00
88328;BME280;79530;48.19076430;11.84268236;2025-06-01T00:00:13;95699.56;;;18.34;85.63
15007;BME280;7599;50.748;13.142;2025-06-01T00:00:13;95810.03;;;17.89;72.40
75521;BME280;64102;48.628;9.002;2025-06-01T00:00:13;96106.56;;;16.70;100.00
50196;BME280;41622;46.74397422;23.58777255;2025-06-01T00:00:13;96330.80;;;15.43;73.98
10135;BME280;5107;48.850;8.924;2025-06-01T00:00:13;96797.59;;;18.00;81.87
13867;BME280;7003;46.982;15.248;2025-06-01T00:00:13;97460.25;;;16.42;73.95
84607;BME280;81118;47.986;7.908;2025-06-01T00:00:13;97948.09;;;20.92;100.00
83483;BME280;73420;32.678;-85.380;2025-06-01T00:00:13;98154.61;;;30.99;28.53
29907;BME280;16776;50.958;10.994;2025-06-01T00:00:13;98416.13;;;18.12;87.50
62712;BME280;48772;55.586;37.730;2025-06-01T00:00:13;98527.97;;;18.11;100.00
71190;BME280;58895;54.56806933;36.27130310;2025-06-01T00:00:13;99094.16;;;18.97;66.03
87838;BME280;78941;46.92325443;26.93185151;2025-06-01T00:00:13;99721.79;;;16.30;75.46
67592;BME280;59122;51.22233390;17.38097737;2025-06-01T00:00:13;99854.63;;;18.35;95.82
33534;BME280;37091;53.83417858;20.69255054;2025-06-01T00:00:14;100157.85;;;11.69;61.91
25944;BME280;13742;49.306;8.636;2025-06-01T00:00:14;100427.84;;;19.70;100.00
90539;BME280;82573;47.20211752;18.43758386;2025-06-01T00:00:14;100435.47;;;17.77;74.95
54914;BME280;40811;41.21156412;14.12025601;2025-06-01T00:00:14;100869.88;;;17.46;93.31
91129;BME280;83571;50.922;7.074;2025-06-01T00:00:14;1008.8;;;18.9;82.1
61795;BME280;47712;48.83190700;2.36952930;2025-06-01T00:00:14;101129.25;;;23.73;54.47
30421;BME280;17218;54.070;10.012;2025-06-01T00:00:14;101148.97;;;16.66;100.00
59278;BME280;45048;53.79874352;10.24103075;2025-06-01T00:00:14;101174.56;;;16.29;88.96
93576;BME280;86042;43.15829402;27.57165444;2025-06-01T00:00:14;101176.41;;;15.45;69.95
9764;BME280;4921;43.214;27.936;2025-06-01T00:00:14;101201.53;;;18.30;64.94
31538;BME280;18147;51.952;6.146;2025-06-01T00:00:14;101223.66;;;23.13;100.00
6565;BME280;3316;44.118;27.258;2025-06-01T00:00:14;101312.50;;;19.23;100.00
90170;BME280;81976;52.328;5.550;2025-06-01T00:00:14;101363.69;;;18.74;100.00
90162;BME280;81966;51.68793570;5.13703280;2025-06-01T00:00:14;101420.06;;;17.33;100.00
61086;BME280;46967;48.876;2.136;2025-06-01T00:00:14;101436.44;;;27.69;34.09
42367;BME280;28031;54.22250227;45.11784822;2025-06-01T00:00:14;67199.59;;;20.90;100.00
80941;BME280;70398;49.53882848;18.30192447;2025-06-01T00:00:14;68769.50;;;-148.04;100.00
28911;BME280;16028;42.642;23.310;2025-06-01T00:00:14;94464.16;;;13.81;100.00
65127;BME280;51927;49.080;19.652;2025-06-01T00:00:14;94666.03;;;24.62;37.03
6136;BME280;24008;42.664;23.372;2025-06-01T00:00:14;95185.03;;;12.58;100.00
80851;BME280;70268;50.292;6.666;2025-06-01T00:00:14;96489.75;;;23.60;60.21
70968;BME280;58629;48.808;8.820;2025-06-01T00:00:14;97145.41;;;17.00;100.00
78890;BME280;68279;48.964;14.502;2025-06-01T00:00:14;97147.34;;;13.14;100.00
93766;BME280;86258;48.78576660;9.20176120;2025-06-01T00:00:14;98528.91;;;19.46;69.03
93275;BME280;85597;47.612;7.610;2025-06-01T00:00:14;98691.38;;;22.36;100.00
21594;BME280;10959;51.328;7.322;2025-06-01T00:00:14;98771.09;;;18.81;71.47
91154;BME280;83598;50.090;14.488;2025-06-01T00:00:14;98775.48;;;18.48;71.89
70616;BME280;58691;55.81093665;37.08116472;2025-06-01T00:00:14;98925.94;;;21.61;48.59
90138;BME280;81925;43.644;11.078;2025-06-01T00:00:14;99045.03;;;26.85;45.47
8573;BME280;4324;42.012;24.872;2025-06-01T00:00:14;99232.06;;;18.16;76.04
93437;BME280;85857;53.76981587;87.19170390;2025-06-01T00:00:14;99368.31;;;11.29;81.00
6216;BME280;3141;49.234;9.326;2025-06-01T00:00:14;99634.84;;;20.36;90.33
44734;BME280;30462;52.446;-1.930;2025-06-01T00:00:14;99922.80078;;;;
51243;BME280;76969;47.548;18.730;2025-06-01T00:00:14;99998.34;;;14.07;100.00
17311;BME280;8773;43.300;0.394;2025-06-01T00:00:15;100064.84;;;19.81;100.00
92614;BME280;84774;50.18753625;9.15149291;2025-06-01T00:00:15;100255.22;;;15.65;96.08
57942;BME280;43749;53.69375264;19.94409621;2025-06-01T00:00:15;100324.30;;;12.35;92.12
75855;BME280;64502;59.976;30.316;2025-06-01T00:00:15;100734.22;;;10.65;64.11
69766;BME280;57039;48.014;21.384;2025-06-01T00:00:15;100781.97;;;17.49;100.00
87346;BME280;78203;52.068;5.376;2025-06-01T00:00:15;101304.47;;;21.10;89.65
87308;BME280;78155;52.056;5.296;2025-06-01T00:00:15;101360.66;;;21.79;72.21
88910;BME280;80301;51.102;17.002;2025-06-01T00:00:15;101587;;;16.7;99
70219;BME280;57609;49.76860130;18.31600130;2025-06-01T00:00:15;48458.91;;;-147.34;58.53
58544;BME280;44334;51.49735400;5.38563600;2025-06-01T00:00:15;61404.53;;;-145.16;100.00
39455;BME280;25155;41.890;23.446;2025-06-01T00:00:15;92338.13;;;9.90;75.92
21395;BME280;10858;42.714;23.180;2025-06-01T00:00:15;94831.41;;;12.78;100.00
68889;BME280;55930;47.412;8.790;2025-06-01T00:00:15;94885.31;;;16.05;100.00
10688;BME280;5392;42.688;23.298;2025-06-01T00:00:15;95282.53;;;12.20;100.00
28626;BME280;18905;42.668;23.364;2025-06-01T00:00:15;95619.78;;;13.79;86.94
76998;BME280;65930;48.874;10.734;2025-06-01T00:00:15;96089.75;;;19.58;87.02
84310;BME280;74488;49.036;11.472;2025-06-01T00:00:15;97000.88;;;22.61;61.47
57978;BME280;43784;46.77663604;23.56265366;2025-06-01T00:00:15;97413.17;;;12.25;89.44
54910;BME280;63189;51.240;9.964;2025-06-01T00:00:15;97785.53;;;17.42;100.00
83191;BME280;73087;49.924;22.080;2025-06-01T00:00:15;99053.25;;;16.87;75.98
61474;BME280;53694;49.784;30.150;2025-06-01T00:00:15;99619.31;;;19.24;72.36
82353;BME280;71954;47.430;18.920;2025-06-01T00:00:16;100082.56;;;18.21;68.80
91075;BME280;83410;51.336;12.422;2025-06-01T00:00:16;100244.63;;;21.41;61.17
36260;BME280;22296;50.824;5.644;2025-06-01T00:00:16;100520.47;;;22.11;68.02
77673;BME280;66821;51.47821571;0.07521182;2025-06-01T00:00:16;100555.19;;;15.73;100.00
74079;BME280;62437;51.544;-3.276;2025-06-01T00:00:16;100870.89;;;16.78;100.00
57048;BME280;42934;54.294;18.598;2025-06-01T00:00:16;100996.31;;;11.75;94.67
43420;BME280;29017;51.514;-0.178;2025-06-01T00:00:16;101035.34;;;19.69;100.00
49979;BME280;35869;50.990;6.962;2025-06-01T00:00:16;101047.38;;;17.93;100.00
54624;BME280;40523;51.50709020;5.40771380;2025-06-01T00:00:16;101112.59;;;19.55;100.00
64739;BME280;51175;51.186;0.276;2025-06-01T00:00:16;101123.09;;;17.88;100.00
64827;BME280;51265;53.972;12.286;2025-06-01T00:00:16;101165.69;;;12.86;87.25
67430;BME280;54298;52.076;5.264;2025-06-01T00:00:16;101176.0;;;20.75;100.0
61628;BME280;55193;52.102;5.242;2025-06-01T00:00:16;101236.0;;;22.45;100.0
64019;BME280;66942;52.138;5.216;2025-06-01T00:00:16;101312.0;;;34.78;32.01
29611;BME280;16542;52.12904000;5.01890000;2025-06-01T00:00:16;101320.63;;;19.98;100.00
26320;BME280;85928;52.226;5.200;2025-06-01T00:00:16;101320.69;;;20.41;100.00
60252;BME280;46111;48.87011520;2.34555540;2025-06-01T00:00:16;101322.41;;;27.45;52.84
68376;BME280;55318;52.068;5.188;2025-06-01T00:00:16;101356.0;;;21.41;100.0
89480;BME280;86181;52.098;5.176;2025-06-01T00:00:16;101396.0;;;20.38;64.3
46970;BME280;32721;43.83416932;25.95144671;2025-06-01T00:00:16;101462.56;;;18.15;100.00
59552;BME280;85198;53.32316330;13.86303510;2025-06-01T00:00:16;101540.91;;;13.50;89.25
90956;BME280;85418;54.324;18.584;2025-06-01T00:00:16;101800;;;13.69;65
55311;BME280;41173;52.634;-8.666;2025-06-01T00:00:16;129064.03;;;11.76;100.00
61292;BME280;47165;42.664;23.368;2025-06-01T00:00:16;57891.44;;;-146.40;100.00
84380;BME280;74571;52.514;13.468;2025-06-01T00:00:16;61556.31;;;-141.92;100.00
87409;BME280;77071;37.15772575;-3.58726680;2025-06-01T00:00:16;93917.28;;;27.88;30.90
74921;BME280;63483;47.384;8.860;2025-06-01T00:00:16;94919.78;;;18.48;45.09
20620;BME280;10469;42.720;23.252;2025-06-01T00:00:16;95309.00;;;13.72;100.00
7834;BME280;3962;42.696;23.354;2025-06-01T00:00:16;95505.31;;;14.58;95.63
65731;BME280;52470;49.49413010;14.67903998;2025-06-01T00:00:16;95819.91;;;13.40;100.00
13581;BME280;6861;46.170;7.222;2025-06-01T00:00:16;96379.72;;;22.63;55.76
50774;BME280;36745;48.544;8.918;2025-06-01T00:00:16;97443.63;;;17.24;100.00
93517;BME280;85932;49.72280855;10.01054517;2025-06-01T00:00:16;981.4;;;18.5;43.6
64679;BME280;51094;53.864;27.676;2025-06-01T00:00:16;99190.88;;;14.22;75.50
68456;BME280;55437;55.046;38.838;2025-06-01T00:00:16;99258.44;;;17.19;75.66
83830;BME280;74247;50.06915953;15.74938148;2025-06-01T00:00:16;99264.78;;;13.45;100.00
43488;BME280;29078;41.932;25.554;2025-06-01T00:00:16;99860.75;;;18.98;61.73
69300;BME280;56414;43.24490147;27.84972757;2025-06-01T00:00:17;100536.41;;;17.22;68.02
50234;BME280;53434;52.18328037;20.79354107;2025-06-01T00:00:17;100637.75;;;13.37;79.37
28448;BME280;15675;52.870;-1.416;2025-06-01T00:00:17;100711.78;;;17.98;78.91
28167;BME280;15455;53.376;-6.262;2025-06-01T00:00:17;100785.06;;;11.69;100.00
25238;BME280;13185;50.872;5.306;2025-06-01T00:00:17;100978.47;;;21.68;100.00
86222;BME280;76882;53.68571399;10.24539578;2025-06-01T00:00:17;100984.03;;;19.69;71.10
55517;BME280;41724;51.176;-0.708;2025-06-01T00:00:17;101048.81;;;18.22;76.55
65991;BME280;54779;51.55585770;5.09243560;2025-06-01T00:00:17;101188.06;;;20.13;100.00
71409;BME280;59224;51.12565830;4.22525102;2025-06-01T00:00:17;101312.70;;;23.25;29.85
81915;BME280;71378;52.39884820;13.06096925;2025-06-01T00:00:17;101336.47;;;18.69;75.34
91840;BME280;84252;51.72447930;5.13917500;2025-06-01T00:00:17;101407.69;;;18.29;76.90
93439;BME280;85858;54.32061277;10.33054948;2025-06-01T00:00:17;101464.72;;;15.07;79.58
89955;BME280;81622;52.520;5.708;2025-06-01T00:00:17;101476.00;;;20.32;72.60
70521;BME280;58442;52.716;23.560;2025-06-01T00:00:17;101555.77;;;13.72;62.11
73139;BME280;61335;43.54026826;-5.67944348;2025-06-01T00:00:17;102146.91;;;22.31;73.00
31123;BME280;32440;48.77895659;9.15962714;2025-06-01T00:00:17;54970.89;;;-145.72;100.00
33606;BME280;19935;50.99575384;20.64265985;2025-06-01T00:00:17;63001.84;;;-144.48;100.00
92471;BME280;84613;42.494;23.172;2025-06-01T00:00:17;91943.59;;;9.21;80.89
84861;BME280;75116;42.644;23.274;2025-06-01T00:00:17;93343.81;;;12.27;95.89
89808;BME280;81475;46.160;5.710;2025-06-01T00:00:17;93887.19;;;16.49;62.97
11345;BME280;5727;42.600;23.028;2025-06-01T00:00:17;94126.66;;;13.79;100.00
10518;BME280;5307;42.548;22.968;2025-06-01T00:00:17;94286.63;;;11.53;100.00
89209;BME280;80725;42.690;23.352;2025-06-01T00:00:17;95576.91;;;13.37;79.95
71956;BME280;59829;50.562;6.258;2025-06-01T00:00:17;95811.47;;;20.89;64.45
91496;BME280;83961;42.81787500;23.23244690;2025-06-01T00:00:17;95901.13;;;9.45;84.42
55500;BME280;73854;49.07310590;19.31401130;2025-06-01T00:00:17;96130.81;;;34.15;26.40
42001;BME280;27689;48.390;10.856;2025-06-01T00:00:17;96206.09;;;17.82;100.00
12759;BME280;20944;47.048;15.390;2025-06-01T00:00:17;97671.47;;;19.81;98.79
93944;BME280;86429;49.35604252;11.13993260;2025-06-01T00:00:17;97772.00;;;17.03;74.05
91023;BME280;83350;48.80566081;9.24062848;2025-06-01T00:00:17;98639.03;;;18.79;78.98
47785;BME280;35233;55.686;37.848;2025-06-01T00:00:17;99014.09;;;23.50;49.06
91322;BME280;83752;50.668;6.478;2025-06-01T00:00:17;99125.00;;;18.23;80.62
75440;BME280;64017;50.05994339;14.39587444;2025-06-01T00:00:17;99126.38;;;15.96;100.00
7532;BME280;3807;49.030;8.714;2025-06-01T00:00:17;99244.31;;;26.20;48.28
